titles,developers
#killallzombies,Beatshapers
&: Sora no Mukō de Saki Masuyō ni,Akatsuki Works
.detuned,.theprodukkt
.hack//Versus,CyberConnect2
007 Legends,Eurocom
007: Quantum of Solace,Treyarch
100-Yen Gomibako,SCEI
1942: Joint Strike,Backbone Entertainment
2010 FIFA World Cup South Africa,EA Canada
2014 FIFA World Cup Brazil,EA Canada
3 on 3 NHL Arcade,EA Canada
3D Dot Game Heroes,Silicon Studio
3D Ultra Minigolf Adventures 2,Wanako Games
428: Shibuya Scramble,Chunsoft
4 Elements,Boolat Games
50 Cent: Blood on the Sand,Swordfish Studios
5 Star Wrestling,Serious Parody
99Vidas,QUByte Interactive
A-Men,Bloober Team
A-Men 2,Bloober Team
A Boy and His Blob,Abstraction Games
Aabs Animals,Aabs
Aaru's Awakening,Lumenox Games
Absolute Supercars,Eutechnyx
Abyss Odyssey,ACE Team
Accel World: Ginyoku no Kakusei,Bandai Namco Games
Accel World: Kasoku no Chouten,Bandai Namco Games
Acceleration of Suguri X Edition,Rockin' Android
AC/DC Live: Rock Band Track Pack,Harmonix Music Systems
Ace Combat: Assault Horizon,Namco
Ace Combat Infinity,Namco
Action Henk,RageSquid
Adidas miCoach,Lightning Fish
Adam's Venture Chronicles,Vertigo Games
The Adventures of Tintin: The Secret of the Unicorn,Ubisoft Montpellier
Adventure Time: Explore the Dungeon Because I Don't Know!,WayForward Technologies
Adventure Time: Finn & Jake Investigations,Vicious Cycle Software
Adventure Time: The Secret of the Nameless Kingdom,WayForward Technologies
Aegis of Earth: Protonovus Assault,Acquire
AFL Live,Big Ant Studios
AFL Live 2,Wicked Witch Software
"Afrika
•Hakuna MatataAsia",Rhino Studios
Afro Samurai,Namco Bandai
After Burner Climax,Sega
Age of Booty,Certain Affinity
The Agency: Covert Ops,SOE Seattle
Air Conflicts: Pacific Carriers,Games Farm
Air Conflicts: Secret Wars,Games Farm
Air Conflicts: Vietnam,Games Farm
Akatsuki no Goei Trinity,M2
AKB1/149 Ren'ai Sōsenkyo,Namco Bandai Games
Akiba's Trip: Undead & Undressed,Acquire / XSEED / NIS America
Akimi Village,NinjaBee
Alex Kidd in Miracle World,Sega
Alice: Madness Returns,Spicy Horse
Alien Breed,Team17
Alien Breed 2: Assault,Team17
Alien Breed 3: Descent,Team17
Alien Breed: Impact,Team17
Alien Rage,CI Games
Alien Shooter,Sigma Team
Alien Spidy,Enigma Software Productions
Alien Zombie Mega Death,PomPom Games
Aliens: Colonial Marines,Gearbox Software
Alien: Isolation,Creative Assembly
Aliens vs. Predator,Rebellion Developments
All-Pro Football 2K8,Visual Concepts
All Zombies Must Die!,DoubleSix
Alone in the Dark: Inferno,Eden Studios
Alpha Protocol,Obsidian Entertainment
Altered Beast,Sega
The Amazing Spider-Man,Beenox
The Amazing Spider-Man 2,Beenox
American McGee's Alice,Spicy Horse
American Mensa Academy,Silverball Studios
Amplitude,Harmonix
AMY,VectorCell
Anarchy: Rush Hour,Gaijin Entertainment
Anarchy Reigns,PlatinumGames
Angel Love Online,UserJoy Technology
Angel Senki,UserJoy Technology
Anna: Extended Edition,Dreampainters
Anomaly: Warzone Earth,11 bit studios
Another World: 20th Anniversary Edition,The Digital Lounge
Another Century's Episode: R,From Software
Angry Birds Star Wars,Rovio Entertainment
Angry Birds Trilogy,Rovio Entertainment
Apache: Air Assault,Gaijin Entertainment
Ape Escape,Japan Studio
Apples to Apples,ImaginEngine
Aqua Panic!,Eko Software
Aqua Vita,"London Studio, Playlogic Entertainment"
Aquanaut's Holiday: Hidden Memories,Irem
Aquapazza: Aquaplus Dream Match,Examu
Ar Nosurge,Gust Co. Ltd.
Arcadias no Ikusaime,Nippon Ichi Software
Arcana Heart 3,Examu
Arcana Heart 3: Love Max!!!!!,Examu
Arcania: The Complete Tale,Black Forest Games
Ar tonelico Qoga: Knell of Ar Ciel,Gust Corporation
Arkedo Series – 001 JUMP!,Arkedo Studio
Arkedo Series – 002 SWAP!,Arkedo Studio
Arkedo Series – 003 PIXEL!,Arkedo Studio
Armageddon Riders,Targem Games
Armored Core 4,From Software
Armored Core: For Answer,From Software
Armored Core V,From Software
Armored Core: Verdict Day,From Software
Army of Two,EA Montreal
Army of Two: The 40th Day,EA Montreal
Army of Two: The Devil's Cartel,Visceral Montreal
Arslan Senki X Musou,Koei Tecmo Games
Arthur and the Revenge of Maltazard,Ubisoft
Asdivine Hearts,Kemco
Ashes Cricket 2009,Transmission Games
Assassin's Creed,Ubisoft Montreal
Assassin's Creed II,Ubisoft Montreal
Assassin's Creed III,Ubisoft Montreal
Assassin's Creed: Liberation HD,Ubisoft Sofia
Assassin's Creed IV: Black Flag,Ubisoft Montreal
Assassin's Creed: Brotherhood,Ubisoft Montreal
Assassin's Creed: Revelations,Ubisoft Montreal
Assassin's Creed Rogue,Ubisoft Sofia
Assault Heroes,Wanako Games
Astro Tripper,PomPom Games
Asura's Wrath,CyberConnect2
Atelier Ayesha: The Alchemist of Dusk,Gust Corporation
Atelier Escha & Logy: Alchemists of the Dusk Sky,Gust Corporation
Atelier Meruru: The Apprentice of Arland,Gust Corporation
Atelier Rorona: The Alchemist of Arland,Gust Corporation
Atelier Rorona Plus: The Alchemist of Arland,Gust Corporation
Atelier Shallie: Alchemists of the Dusk Sea,Gust Corporation
Atelier Sophie: The Alchemist of the Mysterious Book,Gust Corporation
Atelier Totori: The Adventurer of Arland,Gust Corporation
Atomic Ninjas,Grip Digital
Attack on Titan,Koei Tecmo Games
Auditorium HD,Cipher Prime / Empty Clip Studios
Avatar: The Game,Ubisoft Montreal
The Avengers,Blue Tongue Entertainment
The Awakened Fate Ultimatum,Nippon Ichi Software
Awesomenauts,Ronimo Games
Babel Rising,Mondo Productions
Back to Bed,Bedtime Digital Games
Back to the Future: The Game,Telltale Games
Backbreaker,NaturalMotion
Backbreaker: Vengeance,NaturalMotion
Backgammon Blitz,VooFoo Studios
Badland: Game of the Year Edition,Frogmind
Baja: Edge of Control,2XL Games
Bakugan Battle Brawlers,Now Production
Bakugan: Defenders of the Core,Now Production
BandFuse: Rock Legends,Realta Entertainment Group
Band Hero,Neversoft
Bang!,SpinVector
Bang Bang Racing,Digital Reality
Barbie & Her Sisters: Puppy Rescue,Torus Games
Barnanza,Straight Right
Batman: Arkham Asylum,Rocksteady Studios
Batman: Arkham City,Rocksteady Studios
Batman: Arkham Origins,WB Games Montréal
Batman: The Dark Knight,Pandemic Studios
Batman: The Telltale Series,Telltale Games
Battle Fantasia,Arc System Works
Battle of Tiles EX,Bimboosoft
Battle Tanks,Gameloft
Battle vs. Chess,Targem Games / Zuxxez Entertainment
Battle: Los Angeles,Live Action Studios
Battlefield 1943,EA DICE
Battlefield 3,EA Digital Illusions CE
Battlefield 4,EA Digital Illusions CE
Battlefield Hardline,EA Digital Illusions CE
Battlefield: Bad Company,EA Digital Illusions CE
Battlefield: Bad Company 2,EA Digital Illusions CE
Battle Princess of Arcadias,ApolloSoft
Battleship,Double Helix Games
Bayonetta,PlatinumGames
Beat Hazard Ultra,Cold Beam Games
Beat Sketcher,Japan Studio
Beautiful Katamari,Bandai Namco Entertainment
The Beatles: Rock Band,Harmonix Music Systems
Beer Pong!,JV Games
Beijing 2008,Eurocom
Bejeweled 2,PopCap Games
Bejeweled 3,PopCap Games
Bellator: MMA Onslaught,Kung Fu Factory
Ben 10: Galactic Racing,D3 Publisher
Ben 10: Omniverse,D3 Publisher
Ben 10: Omniverse 2,D3 Publisher
Ben 10 Ultimate Alien: Cosmic Destruction,D3 Publisher
Bentley's Hackpack,Sanzaru Games
Beowulf: The Game,Ubisoft Shanghai
"Best of Arcade Games (Air Hockey, Brick Breaker, Bubble Buster, Tetraminos)",Bigben Interactive
"Best of Board Games (Chess, Mahjong, Solitaire)",Bigben Interactive
Best of PlayStation Network Vol. 1,SCEA
Beyond Good & Evil HD,Ubisoft Shanghai
Beyond the Future: Fix the Time Arrows,M2
Beyond: Two Souls,Quantic Dream
Bikkuri Pachinko: Ashita no Joe – Kyoraku Collection Vol.1,Kyoraku Sangyou Holdings
Big Sky Infinity,Boss Baddie
Bionic Commando,GRIN
Bionic Commando Rearmed,GRIN
Bionic Commando Rearmed 2,Fatshark
Binary Domain,Sega Japan
BioShock,Irrational Games / 2K Marin
BioShock 2,2K Marin / Digital Extremes / 2K Australia / 2K China / Arkane Studios
BioShock Infinite,Irrational Games
Birds of Steel,Gaijin Entertainment
Black Knight Sword,Grasshopper Manufacture
Blacklight: Tango Down,Zombie Studios
BlackSite: Area 51,Midway Studios Austin
Blade Arcus from Shining EX,Sega
Blade Kitten,Krome Studios
Blades of Time,Gaijin Entertainment
Bladestorm: Nightmare,Koei Tecmo Games
Bladestorm: The Hundred Years' War,Omega Force
Blast Factor[147],Bluepoint Games
BlazBlue: Calamity Trigger,Arc System Works
BlazBlue: Central Fiction,Arc System Works
BlazBlue: Continuum Shift,Arc System Works
BlazBlue: Continuum Shift Extend,Arc System Works
BlazBlue: Chrono Phantasma,Arc System Works
BlazBlue: Chrono Phantasma Extend,Arc System Works
BlazeRush,Targem Games
Blazing Angels: Squadrons of WWII,Ubisoft Bucharest
Blazing Angels 2: Secret Missions of WWII,Ubisoft Bucharest
Bleach: Soul Resurrección,Japan Studio
Blitz: The League II,Midway Games
Blokus,Gameloft
Blood Drive,Sidhe
Blood Knights,Dtp entertainment
Blood of the Werewolf,Scientifically Proven
BloodBath: Fight for your life,UIG
BloodRayne: Betrayal,WayForward Technologies
Blue-Collar Astronaut,Mutated Software
Blue Toad Murder Files,Relentless Software
Blur,Bizarre Creations
Bodycount,Codemasters Studios Guildford
Boku no Natsuyasumi 3,Millennium Kitchen
Bolt,Avalanche Software
Bomberman Ultra,Hudson Soft
Bonk: Brink of Extinction,Pi Studios
Borderlands,Gearbox Software
Borderlands 2,Gearbox Software
Borderlands: The Pre-Sequel!,2K Australia
Bound by Flame,Spiders
Braid,Hothead Games
Brain Challenge,Gameloft
Brave: The Video Game,Behaviour Interactive
Brink,Splash Damage
Brothers: A Tale of Two Sons,Starbreeze Studios
Brothers in Arms: Furious 4,Gearbox Software
Brothers in Arms: Hell's Highway,Gearbox Software
Brunswick Pro Bowling,FarSight Studios
Brütal Legend,Double Fine Productions
Bulletstorm,People Can Fly
BurgerTime World Tour,Frozen Codebase
Burn Zombie Burn,Doublesix
Burnout Crash!,Criterion Games
Burnout Paradise,Criterion Games
Buzz!: Brain of the World,Relentless Software
Buzz! Junior: Dino Den,Cohort Studios
Buzz! Junior: Jungle Party,Cohort Studios
Buzz! Junior: Monster Rumble,Cohort Studios
Buzz! Junior: Robo Jam,Cohort Studios
Buzz!: Quiz Player,Relentless Software
Buzz!: Quiz TV,Relentless Software
Buzz!: Quiz World,Relentless Software
Buzz!: The Ultimate Music Quiz,Relentless Software
Cabela's Adventure Camp,Cauldron
Cabela's African Adventures,Activision
Cabela's Big Game Hunter 2010,Cauldron HQ
Cabela's Big Game Hunter 2012,Cauldron HQ
Cabela's Big Game Hunter: Pro Hunts,Cauldron
Cabela's Dangerous Hunts 2009,Sand Grain Studios
Cabela's Dangerous Hunts 2011,Activision
Cabela's Dangerous Hunts 2013,Activision
Cabela's Hunting Expeditions,Fun Labs
Cabela's North American Adventures,Fun Labs
Cabela's Outdoor Adventures,Activision
Cabelas Survival: Shadows of Katmai,Fun Labs
Caladrius Blaze,MOSS
Call of Duty 3,Treyarch
Call of Duty 4: Modern Warfare,Infinity Ward
Call of Duty Classic,Infinity Ward
Call of Duty: Modern Warfare 2,Infinity Ward
Call of Duty: Modern Warfare 3,"Infinity Ward, Sledgehammer Games"
Call of Duty: Advanced Warfare,"Sledgehammer Games, High Moon Studios"
Call of Duty: Black Ops,Treyarch
Call of Duty: Black Ops II,Treyarch
Call of Duty: Black Ops III,"Treyarch, Mercenary Technology"
Call of Duty: Ghosts,Infinity Ward
Call of Duty: World at War,Treyarch
Call of Juarez: Bound in Blood,Techland
Call of Juarez: Gunslinger,Techland
Call of Juarez: The Cartel,Techland
Calling All Cars!,Incognito Entertainment
"Capcom Arcade Cabinet (1942, 1943, 1943 Kai, Avengers, Black Tiger, Commando, Exed Exes, Ghosts 'n Goblins, Gun.Smoke, Hyper Dyne Side Arms, Legendary Wings, Pirate Ship Higemaru, Section Z, SonSon, The Speed Rumbler, Trojan, Vulgus)",Capcom
Captain Morgane and the Golden Turtle,WizarBox
Captain America: Super Soldier,Next Level Games / Sega
Carnival Island,Magic Pixel Games
Carnivores: Dinosaur Hunter HD,Vogster Entertainment
Cars 2: The Video Game,Disney Interactive Studios
Cars 3: Driven to Win,Disney Interactive Studios
Cars Mater-National Championship,Rainbow Studios
Cars Race-O-Rama,Incinerator Studios
Cartoon Network: Punch Time Explosion XL,Papaya Studio
Cash Guns Chaos,Sony Online Entertainment
Castle Crashers,The Behemoth
Castle of Illusion Starring Mickey Mouse,Sega
Castle of Illusion starring Mickey Mouse (Genesis),Sega
CastleStorm,Zen Studios
Castlevania: Harmony of Despair,Konami
Castlevania: Lords of Shadow,MercurySteam / Kojima Productions
Castlevania: Lords of Shadow 2,MercurySteam / Kojima Productions
Castlevania: Lords of Shadow – Mirror of Fate HD,MercurySteam
Catan,Game Republic
Cel Damage HD,Finish Line Games
CellFactor: Psychokinetic Wars,Immersion Games
Catherine,Atlus Persona Team
Chaos;Child,5pb.
Chaos;Head – Love Chu*Chu!,5pb.
Chaos;Head Noah,5pb.
Chaos Code,FK Digital
Chaotic: Shadow Warriors,FUN Labs
Champion Jockey: G1 Jockey & Gallop Racer,Koei
Championship Sprint,Sony Online Entertainment
Chariot,Frima Studio
Child of Eden,Q Entertainment
Child of Light,Ubisoft Montreal
Chime Super Deluxe,Zoë Mode
Cipher Complex,Edge of Reality
Chivalry: Medieval Warfare,Torn Banner Studios
Choplifter HD,InXile Entertainment
Choujikuu Yousai Macross: Ai Oboete Imasu ka - Hybrid Pack,Bandai Namco Games
Civilization Revolution,Firaxis Games
Clannad (video game),Prototype
Clash of the Titans,Bandai Namco
Class of Heroes 2G,Acquire
Class of Heroes 3,Acquire
Clive Barker's Jericho,MercurySteam
Cloudy with a Chance of Meatballs,Ubisoft Shanghai
Coded Arms: Assault,Konami
"Colin McRae: Dirt
•DiRTNA",Codemasters
"Colin McRae: Dirt 2
•DiRT 2NA",Codemasters
College Hoops 2K7,Visual Concepts
College Hoops 2K8,Visual Concepts
Closure,Eyebrow Interactive
Cloudberry Kingdom,Pwnee Studios
Combat Wings: The Great Battles of WWII,CI Games
Comet Crash,Pelfast
Comix Zone,Sega Technical Institute
Command & Conquer: Red Alert 3,EA Los Angeles
Conan,Nihilistic Software
Condemned 2: Bloodshot,Monolith Productions
Conflict: Denied Ops,Pivotal Games
Constant C,International Games System
Contrast,Compulsion Games
Cosmophony,Moving Player
Costume Quest,Double Fine Productions
Costume Quest 2,Double Fine Productions
Counter-Strike: Global Offensive,Valve Corporation
CounterSpy,Dynamighty
Crash Time 4: The Syndicate,Synetic
Crash Commando,EPOS Game Studios
Crash Time 5,Synetic
Crazy Machines Elements,FAKT Software
Crazy Strike Bowling,Corecell Technology
Crazy Taxi,Hitmaker
Create,EA Bright Light
Crescent Pale Mist,Rockin' Android
Crimsonland,10tons
Critter Crunch,Capybara Games
Cross Channel: For All people,5pb.
Cross Edge,Compile Heart
Crysis,Crytek
Crysis 2,Crytek
Crysis 3,Crytek
Crystal Defenders,Square Enix
Cubixx HD,Laughing Jackal
Cuboid,Creat Studios
Cutthroats: Battle for Black Powder Cove,SCEA
CSI: Fatal Conspiracy,Ubisoft Montreal
CV Casting Voice,Bandai Namco Games
Cyberbike 2,EKO Software
Dai-2-Ji Super Robot Taisen OG,Bandai Namco Games
Dai-3-Ji Super Robot Taisen Z Jigoku-hen,Bandai Namco
Dai-3-Ji Super Robot Taisen Z Rengoku-hen,Bandai Namco
Dai-3-Ji Super Robot Taisen Z Tengoku-hen,Bandai Namco
Daikoukai Jidai Online,Koei
Daikoukai Jidai Online: 2nd Age (expansion),Koei
Daikoukai Jidai Online: Cruz del Sur (expansion),Koei
Daikoukai Jidai Online: El Oriente (expansion),Koei
Daikoukai Jidai Online: GranAtlas (expansion),Koei
Daikoukai Jidai Online: Tierra Americana (expansion),Koei
Daito Giken Koushiki Pachi-Slot Sumulator Hihouden: Taiyou o Motomeru Monotachi,Paon Corporation
Daisenryaku: Dai Toua Kouboushi – Tora Tora Tora Ware Kishuu Ni Seikou Seri,System Soft
Daisenryaku: Dai Toua Kouboushi - Dai-ni-ji Sekai Taisen Boppatsu! - Suujikugun Tai Rengougun Zensekaisen,SystemSoft
Daisenryaku Daitouakouboushi3 Dai-2-Ji Sekaitaisenbokpatsu Sujikuguntairengougun Zensekaisen,System Soft
Daisenryaku Exceed II,System Soft
Damage Inc. Pacific Squadron WWII,Trickstar Games
Damnation,Blue Omega Entertainment
Dance Dance Revolution•DanceDance Revolution New MovesEU,Konami
Dance! It's Your Stage,Neopica
Dance Magic,Targem Games
Dance on Broadway,Ubisoft
DanceStar Digital,SCEE London Studio
DanceStar Party,SCEE London Studio
DanceStar Party Hits,SCEE London Studio
Dancing Eyes,Namco
Dante's Inferno,Visceral Games
Dare to Fly!,Gameshastra
Dark Awake: The King Has No Name,Recom
Dark Mist,Game Republic
Dark Sector,Digital Extremes
Dark Souls,From Software
Dark Souls II,From Software
Dark Void,Airtight Games
Darksiders,Vigil Games
Darksiders II,Vigil Games
Darkstalkers Resurrection (Night Warriors: Darkstalkers' Revenge and Darkstalkers 3),Iron Galaxy
Date A Live: Arusu Install,Compile Heart
Date A Live: Rinne Utopia,Compile Heart
Datura,Plastic
Days of Thunder: Video Game•Days of Thunder: NASCAR EditionUNK,Piranha Games
Daytona USA,Sega
DC Universe Online,Sony Online Entertainment
de Blob 2,Blue Tongue Entertainment
Dead Block,Candygun Games
Dead Island,Techland
Dead Island: Riptide,Techland
Dead Nation,Housemarque
Dead Secret,Robot Invader
Dead Space Ignition,Sumo Digital / Visceral Games
Deadfall Adventures: Heart of Atlantis,The Farm 51
Deadliest Catch: Sea of Chaos,DoubleTap Games
Deadliest Warrior: Ancient Combat,Pipeworks Software
Deadliest Warrior: Legends,Pipeworks Software
Deadliest Warrior: The Game,Pipeworks Software
Deadly Premonition Directors Cut•Deadly Premonition: Red Seeds Profile: Complete EditionJP[a],Access Games
Deadpool,High Moon Studios
Deadstorm Pirates,Namco Bandai
Dead or Alive 5,Team Ninja / Sega AM2
Dead or Alive 5 Ultimate,Team Ninja / Sega AM2
Dead or Alive 5 Last Round,Team Ninja / Sega AM2
Dead Rising 2,Blue Castle Games
Dead Space,EA Redwood Shores
Dead Space 2,Visceral Games
Dead Space 3,Visceral Games
Dead Space Extraction HD,Visceral GamesEurocom
Dead to Rights: Retribution,Volatile Games
Death Track: Resurrection,Gaijin Entertainment
Deathmatch Village,Bloober Team
DeathSpank,Hothead Games
DeathSpank: Thongs of Virtue,Hothead Games
Deception IV: Blood Ties,Koei Tecmo Games
Deception IV: The Nightmare Princess,Koei Tecmo
Deep Black,Biart
Def Jam: Icon,EA Chicago
Def Jam Rapstar,4mm Games
Defenders of Ardania,Most Wanted Entertainment
Defense Technica,Kuno Interactive
Defiance,Trion WorldsHuman Head Studios
Demolition Inc.,Zeroscale
Demon's Souls,From Software
Dengeki Bunko: Fighting Climax,French Bread (game developer)
Dengeki Bunko: Fighting Climax Ignition,French Bread (game developer)
Derby Time Online,Japan Studio
Derrick the Deathfin,Different Tuna
Desi Adda: Games of India,Gameshastra Inc.
Destiny,Bungie
Destroy All Humans! Path of the Furon,Sandblast Games
Deus Ex: Human Revolution,Eidos Montréal
Deus Ex: Human Revolution Director's Cut,Eidos Montréal
Devil May Cry 4,Capcom
Devil May Cry HD Collection,Capcom
Devil's Third,Valhalla Game Studios
Diablo III,Blizzard Entertainment
Diablo III: Ultimate Evil Edition (expansion),Blizzard Entertainment
Digger HD,Creat Studios|
Digimon All-Star Rumble,Prope
Diner Dash,GameLab
Dirt 3,Codemasters Birmingham
Dirt: Showdown,Codemasters Southam
Dirty Harry,The Collective
Disaster Report 4,Irem
Disaster Report 4 Plus: Summer Memories,Granzella
Disgaea 3: Absence of Justice,Nippon Ichi
Disgaea 4: A Promise Unforgotten,Nippon Ichi
Disgaea D2: A Brighter Darkness,Nippon Ichi
Dishonored,Arkane Studios
Disney Infinity,Avalanche Software
Disney Infinity 2.0 Edition,Avalanche Software
Disney Infinity 3.0 Edition,Avalanche Software
Disney Sing It,Zoë Mode
Disney Sing It: Family Hits,Zoë Mode
Disney Sing It! – High School Musical 3: Senior Year,Zoë Mode
Disney Sing It: Party Hits,Zoë Mode
Disney Sing It: Pop Hits,Zoë Mode
Disney Universe,Disney Interactive Studios
Disorder 6,5pb.
Divekick,Iron Galaxy
DJ Hero,FreeStyleGames
DJ Hero 2,FreeStyleGames
DmC: Devil May Cry,Ninja Theory
Do Not Fall,XPEC Entertainment Inc.
Doc Clock: The Toasted Sandwich of Time,Stickmen Studios
Doctor Who: The Eternity Clock,Id Software
Dogfight 1942,CI Games
Don Bradman Cricket 14,Big Ant Studios
Doki-Doki Universe,HumaNature
Dollar Dash,Candygun Games
Don't Starve: Giant Edition,Klei Entertainment
Doodle Devil,JoyBits
Doodle God,JoyBits
Doodle Kingdom,JoyBits
Doom 3 BFG Edition,Id Software
DOOM Classic Complete,Bethesda Softworks
Double Dragon Neon,WayForward Technologies
Downtown Nekketsu Koushinkyoku: Soreyuke Daiundoukai All Star Special,Arc Entertainment
Dragon Age: Origins,BioWare
Dragon Age: Origins – Awakening (expansion),BioWare
Dragon Age II,BioWare
Dragon Age: Inquisition,BioWare
Dragon Ball Z Budokai HD Collection,Namco Bandai
Dragon Ball Z: Battle of Z,Artdink
Dragon Ball Z: Burst Limit,Dimps
Dragon Ball: Raging Blast,Spike
Dragon Ball: Raging Blast 2,Spike
Dragon Ball XenoVerse,Dimps
Dragon Ball Z: Ultimate Tenkaichi,Spike
Dragon's Crown,Vanillaware
Dragon's Dogma,Capcom
Dragon's Dogma Online,Capcom
Dragon's Dogma: Dark Arisen (expansion),Capcom
Dragon Fantasy Book I,The Muteki Corporation
Dragon Fantasy Book II,The Muteki Corporation
Dragon Fin Soup,Grimm Bros.
Dragon's Lair,Digital Leisure
Dragon's Lair II: Time Warp,Digital Leisure
Dragon Quest Builders,Square Enix
Dragon Quest Heroes II,Square Enix
Dragon Quest Heroes: Yamiryuu to Sekaiju no Shiro,Square Enix
Drakengard 3,Access Games
Dream Chronicles,KatGames
Dream C Club Gogo.,D3Publisher
Dream C Club: Complete Edipyon!,D3Publisher
Dreamcast Collection,Sega
DreamWorks Super Star Kartz,Activision
dress,SCEI
Driver: San Francisco,Ubisoft Reflections
Droplitz,Blitz Arcade
Duck Dynasty,FUN Labs
DuckTales: Remastered,WayForward Technologies
Das Duell – Männer vs. Frauen: Partyspaß Total!,dtp Entertainment
Duke Nukem Forever,3D Realms / Triptych Games / Gearbox Software / Piranha Games
Duke Nukem 3D Megaton Edition,Devolver Digital
Dungeon Defenders,Trendy Entertainment
Dungeon Hunter: Alliance,Gameloft
Dungeon Twister,Hydravision Entertainment
"Dungeons & Dragons: Chronicles of Mystara (Dungeons & Dragons: Shadow over Mystara, Dungeons & Dragons: Tower of Doom)",Capcom
Dungeons & Dragons: Daggerdale,Bedlam Games
Dungeons & Dragons Mystara Eiyuu Senki,Capcom
Dunamis 15,5pb.
Dungeon Siege III,Obsidian Entertainment
Dust 514,CCP Games
Dustforce,Hitbox Team
Dyad,Right Square Bracket Left Square Bracket Games
Dying Light,Techland
Dynasty Warriors: Godseekers,Omega Force
Dynasty Warriors 6,Omega Force
Dynasty Warriors 6 Empires,Omega Force
Dynasty Warriors 7,Omega Force
Dynasty Warriors 7: Xtreme Legends,Omega Force
Dynasty Warriors 7 Empires,Omega Force
Dynasty Warriors 8,Omega Force
Dynasty Warriors 8: Empires,Omega Force
Dynasty Warriors 8: Xtreme Legends•Dynasty warriors 7: XLAsia,Omega Force
Dynasty Warriors: Gundam,Omega Force
Dynasty Warriors: Gundam 2,Omega Force
Dynasty Warriors: Gundam 3,Omega Force
Dynasty Warriors: Gundam Reborn,Omega Force
Dynasty Warriors: Strikeforce,Blue Omega Entertainment
Dynasty Warriors: Strikeforce 2 HD Edition,Omega Force
E.X. Troopers,Capcom / HexaDrive
Earth Defense Force 2025,Sandlot
Earth Defense Force: Insect Armageddon,Sandlot
Earth No More,3D Realms
Earthworm Jim HD,Gameloft
EA Sports Active 2,EA Tiburon
EA Sports MMA,EA Tiburon
Eat Lead: The Return of Matt Hazard,Vicious Cycle Software
Eat Them!,FluffyLogic
Echochrome,Japan Studio
Echochrome II,Japan Studio
Eight Days,London Studio
Eiyuu Senhime,5pb.
El Chavo Kart,Effecto Studios / Slang
El Shaddai: Ascension of the Metatron,Ignition Tokyo
Elefunk,8bit Games
Elemental Monster: Online Card Game,Hudson Soft
Elevator Action Deluxe,Square Enix
The Elder Scrolls IV: Oblivion,Bethesda Game Studios
The Elder Scrolls IV: Shivering Isles,Bethesda Game Studios
The Elder Scrolls V: Skyrim,Bethesda Game Studios
Enchanted Arms,From Software
Endless Saga,Webzen
Enemy Front,CI Games
Enemy Territory: Quake Wars,Splash Damage / Underground Development
Enslaved: Odyssey to the West,Ninja Theory
Entwined,PixelOpus
Epic Mickey,Junction Point Studios
Epic Mickey 2: The Power of Two,Junction Point Studios
Escape Dead Island,Fatshark
Eternal Light,Revistronic
Eternal Sonata,tri-Crescendo
Ethan: Meteor Hunter,Seaven Studio
Eufloria,Omni Systems
Eureka Seven AO: Jungfrau no Hanabanatachi,Bandai Namco Games
Everybody Dance,London Studio
Everybody Dance 2,London Studio
Hot Shots Golf: Out of Bounds•Everybody's Golf 5JP•Everybody's Golf: World TourEU,Clap Hanz
Everyday Shooter,Queasy Games
Everyone Sing,O-Games
Explodemon,Curve Studios
Extreme Exorcism,Golden Ruby Games
EyeCreate,London Studio
Eyedentify,London Studio
The Eye of Judgment,Japan Studio
EyePet,London Studio
Eyepet & Friends,London Studio
F.E.A.R.,Monolith Productions / Day 1 Studios
F.E.A.R. 2: Project Origin,Monolith Productions
F.E.A.R. 3,Day 1 Studios
F1 2010,Codemasters Birmingham
F1 2011,Codemasters
F1 2012,Codemasters
F1 2013,Codemasters
F1 2014,Codemasters
F1 Race Stars,Codemasters
FaceBreaker,EA Canada
Faery: Legends of Avalon,Spiders
Fairy Fencer F,Compile Heart
Fairytale Fights,Playlogic Game Factory
Faith and a .45,Deadline Games
Falling Skies: The Game,Little Orbit
Fallout 3,Bethesda Game Studios
Fallout: New Vegas,Obsidian Entertainment
Family Feud,Virtuos
Family Feud Decades,Virtuos
Family Guy: Back to the Multiverse,Heavy Iron Studio
Fantastic Four: Rise of the Silver Surfer,7 Studios / Visual Concepts
Far Cry 2,Ubisoft Montreal
Far Cry 3,Ubisoft Montreal
Far Cry 3: Blood Dragon,Ubisoft Montreal
Far Cry 4,Ubisoft Montreal
Far Cry Classic,Crytek
Far Cry Compilation,Ubisoft Montreal
Far Cry The Wild Expedition,Ubisoft Montreal
Farming Simulator 13,Giants Software
Farming Simulator 15,Giants Software
Fast and Furious: Showdown,Firebrand Games
Fast Draw Showdown,Digital Leisure
Fat Princess,Titan Studios
Fatal Inertia EX,Koei Canada
Ferrari Challenge: Trofeo Pirelli,Eutechnyx
Feeding Frenzy 2: Shipwreck Showdown,PopCap Games
Ferrari: The Race Experience,Eutechnyx
Fez,Polytron Corporation
Fibbage,Jackbox Games
FIFA 08,EA Canada
FIFA 09,EA Canada
FIFA 10,EA Canada
FIFA 11,EA Canada
FIFA 12,EA Canada
FIFA 13,EA Canada
FIFA 14,EA Canada
FIFA 15,EA Canada
FIFA 16,EA Canada
FIFA 17,EA Canada
FIFA 18,EA Canada
FIFA 19,EA Canada
FIFA Street,EA Canada
FIFA Street 3,EA Canada
The Fight: Lights Out,ColdWood Interactive
Fight Night Champion,EA Canada
Fight Night Round 3,EA Canada / EA Chicago
Fight Night Round 4,EA Canada
Fighting Vipers,Sega
Final Exam,Mighty Rocket Studio
Final Fantasy X/X-2 HD Remaster,Square Enix
Final Fantasy XIII,Square Enix
Final Fantasy XIII-2,Square Enix
Final Fantasy XIV,Square Enix
Final Fantasy XIV: A Realm Reborn,Square Enix
Final Fantasy XV (Final Fantasy Versus XIII),Square Enix
"Final Fight: Double Impact (Final Fight, Magic Sword)",Capcom
Fireburst,ExDream
Fist of the North Star: Ken's Rage,Koei
Fist of the North Star: Ken's Rage 2,Koei
Fit in Six,Ubisoft
Flashback,VectorCell
Flight Control HD,Firemint
Flock!,Proper Games
Folklore,Game Republic
Foosball 2012,Grip Digital
Forest Legends: The Call of Love,Alawar
Formula One Championship Edition,Studio Liverpool
Fortress,Grin
Fracture,Day 1 Studios
Fret Nice,Tecmo
Fritz Chess,Deep Silver
Frogger Returns,Hijinx Studios
Frogger: Hyper Arcade Edition,Zombie Studios
From Dust,Ubisoft Montpellier
Front Mission Evolved,Double Helix Games
Frozen Free Fall: Snowball Fight,SuperVillain Studios
Frozen Synapse Prime,Double Eleven
Fuel,Asobo Studios
Fuel Overdose,I-FRIQIYA
Funky Lab Rat,Hydravision Entertainment
Full Auto 2: Battlelines,Pseudo Interactive
Furmins,Housemarque
Fuse,Insomniac Games
G1 Jockey 4 2007,Koei
G1 Jockey 2008,Koei
Gal Gun,Inti Creates
Galaga Legions DX,Bandai Namco Entertainment
A Game of Dwarves,Zeal Game Studio
Game of Thrones,Cyanide
Game of Thrones,Telltale Games
Gatling Gears,Vanguard Games
Gauntlet II,Sony Online Entertainment
Gekiatsu!! Pachi Game Damashi Max: Evangelion 7 x Seimei no Kodou,Fields
Generator Rex: Agent of Providence,Activision
Genji: Days of the Blade,Game Republic
Geometry Wars 3: Dimensions,Lucid Games
Geon,Strawdog Studios
Germinator,Creat Studios
Get Fit With Mel B,Lightning Fish
Get Up and Dance,O-Games
The Getaway 3,Team Soho / London Studio
Germany's Next Top Model 2011,dtp entertainment AG
G-Force,Eurocom
Ghostbusters: Sanctum of Slime,Behaviour Interactive
Ghostbusters: The Video Game,Terminal Reality / Threewave Software
Giana Sisters: Twisted Dreams,Black Forest Games
Ginsei Igo 2: Next Generation,Magnolia
Girl and Dragon: Illusion Beast Contract Cryptract,Lionsfilm Limited
Girl Fight,Kung Fu Factory
G.I. Joe: The Rise of Cobra,Double Helix Games
Gladiator VS,Acquire
GlowTag,Greenfly Studios
The Godfather: The Don's Edition,EA Redwood Shores
Go! Sports Ski,Yuke's
Go! Puzzle,Cohort Studios
Go! Sudoku,Sumo Digital
Goat Simulator,Double Eleven
God Mode,Old School Games
The Godfather II,EA Redwood Shores
God of War III,Santa Monica Studio
God of War: Ascension,Santa Monica Studio
God of War Collection,Santa Monica Studio / Bluepoint Games
God of War: Origins Collection,Santa Monica Studio / Ready at Dawn
God of War Saga,Santa Monica Studio
Godzilla (2014 video game),Natsume
Golden Axe,Sega
Golden Axe: Beast Rider,Secret Level
GoldenEye 007: Reloaded,Activision
The Golden Compass,Shiny Entertainment
Goosebumps: The Game,WayForward Technologies
Gotham City Impostors,Monolith Productions
Gran Turismo 5,Polyphony Digital
Gran Turismo 5 Prologue,Polyphony Digital
Gran Turismo 6,Polyphony Digital
Grand Slam Tennis,EA Canada
Grand Slam Tennis 2,EA Canada
Grand Theft Auto IV,Rockstar North
Grand Theft Auto V,Rockstar North
Grand Theft Auto: Episodes from Liberty City,Rockstar North
Grand Theft Auto: San Andreas,Rockstar North
Gravité,Japan Studio
Gravity Crash,Just Add Water
Grease Dance,Zoë Mode
Greed Corp,W!Games
Green Day: Rock Band,Harmonix / Demiurge Studios
Green Lantern: Rise of the Manhunters,Double Helix Games
GRID Autosport,Codemasters
GripShift,Sidhe Interactive
Groovin' Blocks,Empty Clip Studios
GTI Club+: Rally Côte d'Azur,Sumo Digital
Guacamelee!,DrinkBox Studios
Guardians of Middle-Earth,Monolith Productions
The Guided Fate Paradox,"Nippon Ichi Software, Inc."
Guilty Gear XX Λ Core Plus,Arc System Works
Guilty Gear Xrd,Arc System Works
Guitar Hero III: Legends of Rock,Neversoft
Guitar Hero 5,Neversoft
Guitar Hero: Aerosmith,Neversoft
Guitar Hero: Live,FreeStyleGames
Guitar Hero: Metallica,Neversoft
Guitar Hero Smash Hits,Beenox
Guitar Hero: Van Halen,Underground Development / Neversoft / Budcat Creations
Guitar Hero: Warriors of Rock,Neversoft
Guitar Hero World Tour,Neversoft
Gundam Battle Operation NEXT,Bandai Namco Entertainment
Gundam Breaker,Bandai Namco Games
Gundam Breaker 2,Bandai Namco Games
GundeadliGne,Rockin' Android
Gundemonium Recollection,Rockin' Android
Gunstar Heroes,Treasure
Hail to the Chimp,Wideload Games
Hajime no Ippo: The Fighting!,Bandai Namco Games
Hakuouki: Reimeiroku Nagorigusa,Idea Factory
Hamilton's Great Adventure,Fatshark
Hamsterball,TikGames
Hanasaku Manimani,5pb.
Hannah Montana: The Movie,n-Space
Happy Feet Two,KMM Games
Hard Corps: Uprising,Arc System Works
Harem Tengoku da to Omottara Yandere Jigoku Datta,Nippon Ichi Software
Harry Potter and the Deathly Hallows: Part I,EA Bright Light Studio
Harry Potter and the Deathly Hallows: Part II,EA Bright Light Studio
Harry Potter and the Half-Blood Prince,EA Bright Light Studio
Harry Potter and the Order of the Phoenix,EA UK
Hasbro Family Game Night 3,EA Bright Light
Hasbro Family Game Night 4: The Game Show,EA Bright Light
Hatsune Miku: Project DIVA F,Crypton Future Media
Hatsune Miku: Project DIVA Dreamy Theater,Sega
Hatsune Miku: Project DIVA Dreamy Theater 2nd,Sega
Hatsune Miku: Project DIVA Dreamy Theater Extend,Sega
Hatsune Miku: Project DIVA F 2nd,Crypton Future Media
Haze,Free Radical Design
Heat,Gearbox Software
Heavenly Sword,Ninja Theory
Heavy Fire: Afghanistan,Mastiff
Heavy Fire: Shattered Spear,Mastiff
Heavy Rain,Quantic Dream
Heavy Weapon,PopCap Games
Hell Yeah! Wrath of the Dead Rabbit,Arkedo Studio
Hellboy: The Science of Evil,Krome Studios
Helldivers,Arrowhead Game Studios
Heroes Over Europe,Transmission Games
High Stakes on the Vegas Strip: Poker Edition,Coresoft
High Velocity Bowling•Free! Free! BowlingJP,Mastiff
Highlander: The Game,Eidos Interactive
Higurashi no Naku Koro ni Sui,Kaga Create
Hiiro no Kakera Aizouban: Akane Iro no Tsuioku,Idea Factory
Himawari no Kyoukai to Nagai Natsuyasumi: extra vacation,Keromakura
The History Channel: Battle for the Pacific,Magic Wand Productions
History Civil War: Secret Missions,Cauldron HQ
The History Channel: Great Battles Medieval,Slitherine Software
History Legends of War: Patton,Enigma Software Productions S.L.
Hitman HD Trilogy,IO Interactive
Hitman: Absolution,IO Interactive
Hitogata Happa,Rockin' Android
HOARD,Big Sandwich Games
Hohokum,Honeyslug
Hollywood Squares,Ludia
Homefront,Kaos Studios
Hot Shots Golf: World Invitational,Clap Hanz
Hot Wheels World's Best Driver,Firebrand Games
Hotline Miami,Abstraction Games
Hotline Miami 2: Wrong Number,Dennaton Games
The House of the Dead III,Sega Wow
The House of the Dead 4,Sega Wow
The House of the Dead: Overkill,Headstrong Games
How to Survive,EKO Software
How to Train Your Dragon,Étranges Libellules
How to Train Your Dragon 2,Torus Games
Hunted: The Demon's Forge,Bethesda Softworks
Hunter's Trophy 2: America,Kylotonn Entertainment
Hunter's Trophy 2: Australia,Kylotonn Entertainment
Hustle Kings,VooFoo Studios
Hydrophobia Prophecy,Dark Energy Digital
Hyper Void,IN|Framez Technology
Hyperballoid HD,iSquared Games
Hyperdimension Neptunia,"Idea Factory, Compile Heart"
Hyperdimension Neptunia Mk2,"Idea Factory, Compile Heart"
Hyperdimension Neptunia Victory,"Idea Factory, Compile Heart"
I Am Alive,Ubisoft Shanghai
Ibb and Obb,Sparpweed
Ice Age: Dawn of the Dinosaurs,Eurocom
Ice Age: Continental Drift – Arctic Games,Behaviour Interactive
Ico & Shadow of the Colossus Collection,Team Ico
IHF Handball Challenge 14,Neutron Games
Ikki Online,Sunsoft
IL-2 Sturmovik: Birds of Prey,Gaijin Entertainment
iM@s Channel,Bandai Namco Entertainment
Imabikisō,Chunsoft
In Space We Brawl,Forge Reply
The Incredible Hulk,Edge of Reality
Indiana Jones and the Staff of Kings,Artificial Mind and Movement
inFAMOUS,Sucker Punch Productions
inFAMOUS 2,Sucker Punch Productions
Infamous: Festival of Blood,Sucker Punch Productions
Inferno Pool,Dark Energy Digital
Infinite Stratos 2: Ignition Hearts,5pb.
Injustice: Gods Among Us,NetherRealm Studios
Initial D Extreme Stage,Sega Rosso
inSANE,Volition / THQ
International Cricket 2010,Trickstar Games
International Snooker 2012,Big Head Games Ltd.
Interpol: The Trail of Dr. Chaos,TikGames
Interstellar Marines,Zero Point Software
Inversion,Saber Interactive
Invincible Tiger: The Legend of Han Tao,Blitz Arcade
Invizimals: Hidden Challenges,Novarama
Invizimals: The Lost Kingdom,"Magenta Software, Novarama"
Invokers Tournament,StormBASIC Games
Iron Man,Secret Level
Iron Man 2,Sega
Iron Sky Invasion,Reality Pump
Ion Assault HD,Coreplay
Izle,Area Effect
J-Stars Victory Vs,Spike Chunsoft
Jak and Daxter Collection,Naughty Dog
JAM Live Music Arcade,Zivix
James Bond 007: Blood Stone,Bizarre Creations
Jane's Advanced Strike Fighters,Trickstar Games
Janline R,Recom
Jeopardy!,Sony Online Entertainment
Jeremy McGrath's Offroad,2XL Games
Jet Car Stunts,Grip Digital
Jet Set Radio,Smilebit
Jetpack Joyride,Halfbrick Studios
Jikkyou Powerful Pro Yakyuu 2010,Konami
Jikkyou Powerful Pro Yakyuu 2011,Konami
Jikkyou Powerful Pro Yakyuu 2012,Konami
Jikkyou Powerful Pro Yakyuu Championship 2017,Konami
Jikkyou Powerful Pro Yakyuu: Success Special,Konami
Jimmie Johnson's Anything with an Engine,Isopod Labs
Joe Danger,Hello Games
Joe Danger 2: The Movie,Hello Games
John Carpenter's Psychopath,Titan Productions
John Daly's Prostroke Golf,Gusto Games
John Woo Presents: Stranglehold,Midway Chicago
JoJo's Bizarre Adventure HD Ver.,Capcom
JoJo's Bizarre Adventure: All Star Battle,CyberConnect2
JoJo's Bizarre Adventure: Eyes of Heaven,CyberConnect2
Journey Collector's Edition,ThatGameCompany
Joust,Sony Online Entertainment
Joysound Dive,Xing Inc.
Juiced 2: Hot Import Nights,Juice Games / Paradigm Entertainment
Judge Dee: The City God Case,BigBen Interactive
Juju,Flying Wild Hog
Jurassic Park: The Game,Telltale Games
Jurassic: The Hunted,Cauldron HQ
Just Cause 2,Avalanche Studios
Just Dance 3,Ubisoft Paris
Just Dance 4,Ubisoft Paris
Just Dance 2014,Ubisoft Paris
Just Dance 2015,Ubisoft Paris
Just Dance 2016,Ubisoft Paris
Just Dance 2017,Ubisoft Paris
Just Dance 2018,Ubisoft Paris
Just Dance Kids,Land Ho!
Just Dance Kids 2,Land Ho!
K-ON! Ho-kago Live!!,Sega
Kaihou Shoujo SIN,Sega
Kamen Rider Battride War,Bandai Namco Games
Kamen Rider Battride War Sousei,Bandai Namco Games
Kamen Rider Battride War 2,Bandai Namco Games
Kane & Lynch: Dead Men,IO Interactive
Kane & Lynch 2: Dog Days,IO Interactive
Karaoke Revolution,Blitz Games
Karaoke Revolution Presents: American Idol Encore,Blitz Games
Karaoke Revolution Presents: American Idol Encore 2,Blitz Games
Katamari Forever,Namco Bandai
Karateka,Liquid Entertainment
Kazoku Keikaku Tumugu Ito,Cyber Front
Ketsui: Kizuna Jigoku Tachi Extra,5pb.
Kick-Ass: The Game,Frozen Codebase
Kick-Ass 2: The Game,Grasshopper Manufacture
KickBeat,Zen Studios
Killing Day,Ubisoft
Killzone 2,Guerrilla Games
Killzone 3,Guerrilla Games
Killer is Dead,Grasshopper Manufacture
King's Quest,The Odd Gentlemen
King Oddball,10tons
The King of Fighters XII,SNK Playmore
The King of Fighters XIII,SNK Playmore
Kingdom Hearts HD 1.5 Remix,Square Enix
Kingdom Hearts HD 2.5 Remix,Square Enix
Kingdoms of Amalur: Reckoning,"38 Studios, Big Huge Games"
Kingdom Under Fire II,"Blueside, Phantagram"
Kite Fight,Gameshastra
Knights Contract,Namco Bandai
Knytt Underground,nifflas
Koihime Embu,BaseSon
Kono Oozora Ni Tsubasa Wo Hirogete Cruise Sign,5pb.
Krinkle Krusher,Ilusis Interactive Graphics
Kung-Fu Live,Virtual Air Guitar
Kung Fu Panda,Luxoflux
Kung Fu Panda 2,THQ
Kung Fu Panda: Showdown of Legendary Legends,Vicious Cycle Software
Kung Fu Rabbit,Bulkypix
Kung Fu Rider,Japan Studio
Kurayami,Grasshopper Manufacture
L.A. Noire,Team Bondi
L@ve Once: Mermaid's Tears,Silicon Studio
Labyrinth Legends,Creat Studios
Lair,Factor 5
Landit Bandit,The Bearded Ladies
Lara Croft and the Guardian of Light,Crystal Dynamics
The Last Guardian,Team Ico
The Last of Us,Naughty Dog
Last Rebellion,Hit Maker
The Last Remnant,Square Enix
Lead and Gold: Gangs of the Wild West,Fatshark
Learning with The PooYoos: Episode 1,Lexis Numérique
Learning with The PooYoos: Episode 2,Lexis Numérique
Legacy of Kain: Dead Sun,Climax Studios
Legendary,Spark Unlimited
Legend of the Guardians: The Owls of Ga'Hoole,Krome Studios
The Legend of Heroes: Akatsuki no Kiseki,UserJoy Technology
The Legend of Heroes: Trails in the Sky,Nihon Falcom Corp
The Legend of Heroes: Trails in the Sky Second Chapter,Nihon Falcom Corp
The Legend of Heroes: Trails in the Sky the 3rd,Nihon Falcom Corp
The Legend of Heroes: Trails of Cold Steel,Nihon Falcom Corp
The Legend of Heroes: Trails of Cold Steel 2,Nihon Falcom Corp
The Legend of Spyro: Dawn of the Dragon,Étranges Libellules
Legends of War: Patton,Enigma
Lego Batman: The Videogame,Traveller's Tales
Lego Batman 2: DC Super Heroes,Traveller's Tales
Lego Batman 3: Beyond Gotham,Traveller's Tales
Lego Dimensions Starter Pack,Traveller's Tales
Lego Harry Potter: Years 1–4,Traveller's Tales
Lego Harry Potter: Years 5-7,Traveller's Tales
Lego Indiana Jones: The Original Adventures,Traveller's Tales
Lego Indiana Jones 2: The Adventure Continues,Traveller's Tales
Lego Jurassic World,Traveller's Tales
The Lego Movie Videogame,Traveller's Tales
Lego Lord Of The Rings,Traveller's Tales
Lego Marvel's Avengers,Traveller's Tales
Lego Marvel Super Heroes,Traveller's Tales
Lego Pirates of the Caribbean: The Video Game,Traveller's Tales
Lego Rock Band,Harmonix / Traveller's Tales
Lego Star Wars: The Complete Saga,Traveller's Tales
Lego Star Wars: The Force Awakens,Traveller's Tales
Lego Star Wars III: The Clone Wars,Traveller's Tales
Lego The Hobbit,Traveller's Tales
Lemmings,Team17
Let's Dance With Mel B,Unknown
Le Tour de France,Cyanide Studio
Le Tour de France 2012,Cyanide Studio
Le Tour de France 2013,Cyanide Studio
Le Tour de France 2014,Cyanide Studio
Leisure Suit Larry: Box Office Bust,Team17
Level 22,Moving Player
Life Is Strange,Dontnod Entertainment
Lightning Returns: Final Fantasy XIII,Square Enix
"Lights, Camera, Party!",Frima Studio
Little League Baseball World Series 2010,Now Production
Limbo,Playdead
Linger in Shadows,Plastic
LittleBigPlanet,Media Molecule
LittleBigPlanet 2,Media Molecule
LittleBigPlanet 3,Sumo Digital
LittleBigPlanet Hub,Media Molecule
LittleBigPlanet Karting,United Front Games
Little Busters! Converted Edition,Key / Prototype
LocoRoco Cocoreccho,Japan Studio
Lollipop Chainsaw,Grasshopper Manufacture
London 2012,Sega
Lone Survivor: The Director's Cut,superflat games
The Lord of the Rings: Aragorn's Quest,TT Fusion / Headstrong Games
The Lord of the Rings: Conquest,Pandemic Studios
The Lord of the Rings: War in the North,Snowblind Studios
The Lord of the Rings: The White Council,EA Redwood Shores
Lost Dimension,Lancarse
Lost Planet: Extreme Condition,Capcom / K2 LLC
Lost Planet 2,Capcom
Lost Planet 3,Spark Unlimited
Lost: Via Domus,Ubisoft Montreal
Lucha Libre AAA 2010: Héroes del Ring,Immersion Software & Graphics
Luftrausers,Vlambeer
Lumines Supernova,Q Entertainment
Machi-ing Maker 4,D3 Publisher
Machinarium,Amanita Design
Macross Trial Frontier,Artdink
Macross 30: Voices across the Galaxy,Artdink
Mad Dog II: The Lost Gold,Digital Leisure
Mad Dog McCree,Digital Leisure
Mad Max,Avalanche Software
Mad Riders,Techland
Madagascar: Escape 2 Africa,Toys For Bob
Madagascar 3: The Video Game,Toys For Bob
Madagascar Kartz,Sidhe
Madden NFL 07,EA Tiburon
Madden NFL 08,EA Tiburon
Madden NFL 09,EA Tiburon
Madden NFL 10,EA Tiburon
Madden NFL 11,EA Tiburon
Madden NFL 12,EA Tiburon
Madden NFL 13,EA Tiburon
Madden NFL 15,EA Tiburon
Madden NFL 16,EA Tiburon
Madden NFL 17,EA Tiburon
Madden NFL 25,EA Tiburon
Madden NFL Arcade,EA Sports
Mafia II,2K Czech
MAG,Zipper Interactive
Magic Orbz,Creat Studios
Magic: The Gathering – Duels of the Planeswalkers,Stainless Games
Magic: The Gathering – Duels of the Planeswalkers 2012,Stainless Games
Magic: The Gathering – Duels of the Planeswalkers 2013,Stainless Games
Magic: The Gathering – Duels of the Planeswalkers 2014,Stainless Games
Magical Beat,Arc System Works
Magrunner: Dark Pulse,Frogwares
Magus,Aksys Games
Mahjong ★ Dream C Club,Tamsoft
Mahjong ★ Dream C Club Zero,Tamsoft
Mahjong Haoh: Dankyuu Battle 3,NCS
Mahjong Kakutou Club,Konami
Mahjong Taikai IV,Koei
Mahjong Tales: Ancient Wisdom,Creat Studios
Mahjong World,Recom
Mahjong World W,Recom
Mainichi Issho,Japan Studio
Majin and the Forsaken Kingdom,Game Republic
Major League Baseball 2K7,Kush Games
Major League Baseball 2K8,Kush Games
Major League Baseball 2K9,Visual Concepts
Major League Baseball 2K10,Visual Concepts
Major League Baseball 2K11,Visual Concepts
Major League Baseball 2K12,Visual Concepts
Major League Baseball 2K13,Visual Concepts
Malicious,Alvion
Makai Wars,Nippon Ichi Software
Mamoru-kun wa Norowarete Shimatta! Meikai Katsugeki Wide-Han,Cyber Front
Mamorukun Curse!,Gulti
Man vs. Wild,Scientifically Proven
Mars,Spiders
Mars: War Logs,Spiders
Marvel Pinball,Zen Studios
Marvel Puzzle Quest: Dark Reign,WayForward Technologies
Marvel Super Hero Squad: Comic Combat,THQ
Marvel Super Hero Squad: The Infinity Gauntlet,THQ
Marvel: Ultimate Alliance,Raven Software
Marvel: Ultimate Alliance 2,Vicarious Visions
Marvel vs. Capcom 3: Fate of Two Worlds,Capcom
Marvel vs. Capcom 2,Backbone Entertainment
"Marvel vs. Capcom Origins (Marvel Super Heroes, Marvel vs. Capcom: Clash of Super Heroes)",Capcom
Masquerade: The Baubles of Doom,Big Ant Studios
Mass Effect 2,BioWare / Electronic Arts
Mass Effect 3,BioWare / Electronic Arts
Mass Effect Trilogy,BioWare / Electronic Arts
Master Reboot,Wales Interactive
Mato Kurenai Yuugekitai Daybreak Special Gigs,Arc System Works
Matt Hazard: Blood Bath and Beyond,Vicious Cycle Software
Max & the Magic Marker: Gold Edition,Press Play
Max Payne 3,Rockstar Vancouver
Mayhem,Left Field Productions
Medal of Honor,EA Los Angeles / EA Digital Illusions CE
Medal of Honor: Airborne,EA Los Angeles
Medal of Honor: Warfighter,EA Los Angeles
Medieval Moves: Deadmund's Quest,Zindagi Games
Mega Man 9,Inti Creates
Mega Man 10,Inti Creates
Mega Man Universe,Capcom
Megamind: Ultimate Showdown,THQ Australia
Megazone 23: Aoi Garland,Compile Heart
Meikyuu Touro Legasista,Nippon Ichi Software
Memories Off: Yubikiri no Kioku,5pb.
Memories Off 6 Complete,5pb.
Men in Black: Alien Crisis,Activision
Mercenaries 2: World in Flames,Pandemic Studios
Mercury Hg,UTV Ignition Entertainment
Mesmerize,"London Studio, Playlogic Entertainment"
Metal Gear Online,Kojima Productions
Metal Gear Rising: Revengeance,PlatinumGames
Metal Gear Solid HD Collection,Kojima Productions
Metal Gear Solid: The Legacy Collection,Kojima Productions
Metal Gear Solid 4: Guns of the Patriots,Kojima Productions
Metal Gear Solid V: Ground Zeroes,Kojima Productions
Metal Gear Solid V: The Phantom Pain,Kojima Productions
Metal Slug 3,SNK
Metro 2033,4A Games
Metro: Last Light,4A Games
Michael Jackson: The Experience,Ubisoft Montreal
MicroBot,Naked Sky Entertainment
Middle-earth: Shadow of Mordor,Monolith Productions
Midnight Club: Los Angeles,Rockstar San Diego
Midway Arcade Origins,Backbone Entertainment
Might & Magic: Clash of Heroes HD,Capybara Games
Might & Magic: Duel of Champions – Forgotten Wars,Ubisoft
Mighty No. 9,Comcept
MilitAnt,Xibalba
Military Madness: Nectaris,Backbone Entertainment
Mindjack,feelplus
Minecraft: PlayStation 3 Edition,4j Studios
Minecraft: Story Mode,Telltale Games
Mini Ninjas,IO Interactive
Mirror's Edge,EA Digital Illusions CE
Minnya no Putter Golf,SCEI
Mist of Chaos,Idea Factory / Neverland Co.
Mix Superstar,Digital Leisure
MLB 07: The Show,San Diego Studio
MLB 08: The Show,San Diego Studio
MLB 09: The Show,San Diego Studio
MLB 10: The Show,San Diego Studio
MLB 11: The Show,San Diego Studio
MLB 12: The Show,San Diego Studio
MLB 13: The Show,San Diego Studio
MLB 14: The Show,San Diego Studio
MLB 15: The Show,San Diego Studio
MLB 16: The Show,San Diego Studio
MLB Front Office Manager,Blue Castle Games
MLB The Show: Home Run Derby,San Diego Studio
Mobile Suit Gundam Battlefield Record U.C. 0081,Namco Bandai
Mobile Suit Gundam: Crossfire•Mobile Suit Gundam: Target in SightEU/AUS•Kidou Senshi Gundam: Target in SightJP,Namco Bandai
Mobile Suit Gundam: Battle Operation,Bandai Namco Entertainment
Mobile Suit Gundam: Extreme Vs.,Namco Bandai
Mobile Suit Gundam Side Stories,Namco Bandai
Mobile Suit Gundam Unicorn,From Software
Modern Combat: Domination,Gameloft
ModNation Racers,United Front Games / San Diego Studio
Moe Moe Daisensou * Gendaiban++,SystemSoft
Monkey Island Special Edition Collection,LucasArts
Momotaro Dentetsu (Tentative title),Konami
Monochrono,4 Corner Games
Monopoly,EA Casual Entertainment
Monopoly Deal,Asobo Studio
Monopoly Plus,Asobo Studio
Monopoly Streets,EA Casual Entertainment
Monster Hunter Frontier G,Capcom
Monster Hunter Portable 3rd HD Ver.,Capcom
Monster Hunter Tri,Capcom
Monster Jam: Path of Destruction,Activision
Monster Jam Battlegrounds,Team 6
Monster Madness: Grave Danger,Psyonix Studios / Immersion Games
Monsters vs. Aliens,Beenox / Amaze Entertainment
Monster World IV,Sega
Moon Diver,feelplus
Mortal Kombat,NetherRealm Studios
Mortal Kombat vs. DC Universe,Midway Games
"Mortal Kombat Arcade Kollection (Mortal Kombat, Mortal Kombat II, Ultimate Mortal Kombat 3)",Warner Bros. Interactive
Mortal Kombat II,Sony Online Entertainment
Mortal Kombat X,NetherRealm Studios
MotionSports Adrenaline,Ubisoft Milan
MotoGP '08,Milestone
MotoGP 09/10,Monumental Games
MotoGP 10/11,Monumental Games
MotoGP 13,Milestone srl
MotoGP 14,Milestone srl
MotoGP 15,Milestone srl
Motorbike,baKno Games
Motorcycle Club,Kylotonn
MotorStorm,Evolution Studios
MotorStorm: 3D Rift,Evolution Studios
MotorStorm: Apocalypse,Evolution Studios
MotorStorm: Pacific Rift,Evolution Studios
MotorStorm: RC,Evolution Studios
Motto! SoniComi,Nitroplus
Mountain Crime: Requital,Alawar
MouseCraft,Crunching Koalas
Move Fitness,ColdWood Interactive
Move Mind Benders,XDEV
Move Street Cricket,Trine Game Studios
Move Street Cricket 2,Trine Game Studios
Mr. T: The Videogame,ZootFly
Ms. Germinator,Creat Studios
MUD FIM Motocross World Championship,Milestone srl
Mugen Souls,Compile Heart
Mugen Souls Z,Compile Heart
Murasaki Mist,Hollow Games
Murdered: Soul Suspect,Airtight Games
Mushroom Wars,Creat Studios
Mutant Mudds Deluxe,Renegade Kid
Muv-Luv Alternative,5pb.
Muv-Luv Photon flowers,5pb.
Muv-Luv Photon Melodies,5pb.
MXGP The Official Motocross Videogame,Milestone srl
MX vs. ATV: Untamed,Rainbow Studios
MX vs. ATV Alive,Rainbow Studios
MX vs. ATV Reflex,Rainbow Studios
MX vs. ATV Supercross,Rainbow Studios
My Aquarium,Hudson Soft
My Body Coach,Big Ben Interactive
My Fitness Coach 2,Ubisoft
My Summer Vacation 3,Japan Studio
MySims SkyHeroes,Electronic Arts
Mystik Belle,Last Dimension
Nail'd,Techland
"Namco Museum Essentials (Dig Dug, Dragon Spirit, Galaga, Pac-Man, Xevious, Xevious Resurrection)",Bandai Namco Entertainment
Naruto: Ultimate Ninja Storm,CyberConnect2
Narco Terror,Keen Software House Ltd
Naruto Shippuden: Ultimate Ninja Storm 2,CyberConnect2
Naruto Shippuden: Ultimate Ninja Storm 3,CyberConnect2
Naruto Shippuden: Ultimate Ninja Storm Generations,CyberConnect2
Naruto Shippuden: Ultimate Ninja Storm Revolution,CyberConnect2
NASCAR 08,EA Tiburon
NASCAR 09,EA Tiburon
NASCAR 2011: The Game,Eutechnyx
NASCAR 2014,Eutechnyx
NASCAR 2015,Eutechnyx
NASCAR The Game: Inside Line,Eutechnyx
NASCAR Unleashed,Firebrand Games
Nat Geo Challenge! Wild Life,Gusto Games
National Geographic Challenge!,Gusto Games
Natsuiro High School: Seishun Hakusho,Tamsoft
Natural Doctrine,Kadokawa Games
Naughty Bear,Artificial Mind and Movement
Naughty Bear: Panic in Paradise,Behaviour Interactive
NBA 07,San Diego Studio
NBA 08,San Diego Studio
NBA '09: The Inside,San Diego Studio
NBA 2K7,Visual Concepts / Kush Games
NBA 2K8,Visual Concepts / Kush Games
NBA 2K9,Visual Concepts / Kush Games
NBA 2K10,Visual Concepts / Kush Games
NBA 2K10 Draft Combine,Visual Concepts
NBA 2K11,Visual Concepts / Kush Games
NBA 2K12,Visual Concepts / Kush Games
NBA 2K13,Visual Concepts / Kush Games
NBA 2K14,Visual Concepts
NBA 2K15,Visual Concepts
NBA 2K16,Visual Concepts
NBA 2K17,Visual Concepts
NBA Ballers: Chosen One,Midway Games
NBA Elite 11,EA Canada
NBA Jam,EA Canada
NBA Jam: On Fire Edition,EA Canada
NBA Live 08,EA Canada
NBA Live 09,EA Canada
NBA Live 10,EA Canada
NBA Live 13,EA Tiburon
NBA Street Homecourt,EA Canada
NBA Unrivaled,A.C.R.O.N.Y.M. Games
NCAA Basketball 09,EA Canada
NCAA Basketball 10,EA Canada
NCAA Football 08,EA Tiburon
NCAA Football 09,EA Tiburon
NCAA Football 10,EA Tiburon
NCAA Football 11,EA Tiburon
NCAA Football 12,EA Tiburon
NCAA Football 13,EA Tiburon
NCAA Football 14,EA Tiburon
NCAA March Madness 08,EA Canada
NCIS,Ubisoft
Need for Speed: Carbon,EA Black Box
Need for Speed: Hot Pursuit,Criterion Games
Need for Speed: Most Wanted,Criterion Games
Need for Speed: ProStreet,EA Black Box
Need for Speed: The Run,EA Black Box
Need for Speed: Shift,Slightly Mad Studios
Need for Speed: Undercover,EA Black Box
Need for Speed: Rivals,Ghost Games
Nerawareta Gakuen Gekijouban Anime & Complete Setting Book Hybrid Disc,Bandai Namco Games
Never Alone,Upper One Games
NeverDead,Rebellion Developments
NFL Head Coach 09,EA Tiburon
NFL Tour,EA Tiburon
NHL 08,EA Canada
NHL 09,EA Canada
NHL 10,EA Canada
NHL 11,EA Canada
NHL 12,EA Canada
NHL 13,EA Canada
NHL 14,EA Canada
NHL 15,EA Canada
NHL 2K11,Visual Concepts
NFL Blitz,EA Tiburon
NHL Legacy Edition,EA Canada
NHL 2K7,Visual Concepts / Kush Games
NHL 2K8,Visual Concepts / Kush Games
NHL 2K9,Visual Concepts
NHL 2K10,Visual Concepts
Nier,Cavia
Ni no Kuni: Wrath of the White Witch,"Level-5, Studio Ghibli"
Nights into Dreams...,Sonic Team
Ninja Gaiden Sigma,Team Ninja
Ninja Gaiden Sigma 2,Team Ninja
Ninja Gaiden 3,Team Ninja
Ninja Gaiden 3: Razor's Edge,Team Ninja
Nioh,Team Ninja
Nitroplus Blasterz: Heroines Infinite Duel,Nitroplus
Nobunaga no Yabou Online: Shinsei no Shou,Koei
Nobunaga no Yabou: Souzou,Koei
Nobunaga no Yabou: Tendou,Koei
Nobunaga no Yabou Online: Yuushi no Shou,Koei Tecmo
Noby Noby Boy[296],Bandai Namco Entertainment
Nova-111,Curve Studios
Novastrike,Tiki Games
No More Heroes: Heroes' Paradise,feelplus / Grasshopper Manufacture
NPPL Championship Paintball 2009,Sand Grain Studios
Nucleus,Kuju Entertainment
Numblast/Qruton,Japan Studio
Nurarihyon no Mago: Hyakki Ryouran Taisen,Arc System Works
Obut Pétanque,Kylotonn Entertainment
Obut Pétanque 2,Kylotonn Entertainment
Octodad: Dadliest Catch,"Young Horses, Inc."
Oddworld: Munch's Oddysee HD,Just Add Water / Oddworld Inhabitants
Oddworld: New 'n' Tasty!,Just Add Water / Oddworld Inhabitants
Oddworld: Stranger's Wrath HD,Just Add Water
Of Orcs and Men,Cyanide
Okabu,HandCircus
Okami: Zekkeiban HD Remaster,Capcom
OlliOlli,Roll7
Omega Quintet,Galapagos RPG
"One Piece: Pirate Warriors
•One Piece: Kaizoku MusouJP","Tecmo Koei, Omega Force"
One Piece: Pirate Warriors 2,"Tecmo Koei, Omega Force"
One Piece: Pirate Warriors 3,"Tecmo Koei, Omega Force"
One Piece: Unlimited World Red,Ganbarion
Oneechanbara Z Kagura: with NoNoNo!,D3 Publisher
Operation Creature Feature,"London Studio, Playlogic Entertainment"
Operation Flashpoint: Dragon Rising,Codemasters
Operation Flashpoint: Red River,Codemasters
The Orange Box,EA UK / Valve
Onimusha Soul,Capcom
Odin Sphere Leifthrasir,VanillaWare
Orc Attack: Flatulent Rebellion,Casual Brothers Games
Order Up!,SuperVillain Studios
Ore no Imouto ga Konnani Kawaii Wake ga Nai Happy End HD Complete Box,Bandai Namco Games
Oretachi Ni Tsubasa Wa Nai: Under the Innocent Sky,5pb.
Outland,Housemarque
OutRun Online Arcade,Sumo Digital
The Outsider,Frontier Developments
Overlord: Raising Hell,4J Studios / Triumph Studios
Overlord II,Triumph Studios
Pac-Man and the Ghostly Adventures,Bandai Namco Games
Pac-Man and the Ghostly Adventures 2,Bandai Namco Games
Pac-Man Championship Edition DX,Bandai Namco Entertainment
"Pac-Man Museum (Ms. Pac-Man, Pac & Pal, Pac-Attack, Pac-Land, Pac-Man, Pac-Man Arrangement, Pac-Man Battle Royale, Pac-Man Championship Edition, Pac-Mania, Super Pac-Man)",Bandai Namco Entertainment
Pachi Para 15 ~Super Sea in Okinawa 2,Irem
PachiPara 16: Gingira Paradise 2,Irem
Pachi Para 17 ~New Sea Story With Agnes Lum,Irem
PachiPara DL Hyper Sea Story In Karibu,Sanyo Bussan
Pachislot To Heart 2,Leaf
Pacific Rim: The Video Game,Yuke's Co. Ltd.
Page Chronica,Red Hare Studios
Pain,Idol Minds
Painkiller: Hell and Damnation,Nordic Games
Papo & Yo,Minority
Paranormal Pursuit: The Gifted One,Alawar
PAYDAY 2,Starbreeze Studios
Peggle,PopCap Games
The Penguins of Madagascar: Dr. Blowhole Returns – Again!,Griptonite Games
Penny Arcade Adventures: On the Rain-Slick Precipice of Darkness Episode One,Hothead Games
Penny Arcade Adventures: On the Rain-Slick Precipice of Darkness Episode Two,Hothead Games
Persona 4: Arena,Arc System Works
Persona 4 Arena Ultimax,Arc System Works
Persona 5,Atlus
Phantom Breaker: Extra,5pb.
Phineas and Ferb: Across the 2nd Dimension,High Impact Games
Pictionary: Ultimate Edition,Page 44 Studios
Pid,Might and Delight
Pier Solar HD,WaterMelon
The Pinball Arcade,FarSight Studios
Pinball Hall of Fame: The Williams Collection,FarSight Studios
Pinballistik,Creat Studios
Pirates of the Caribbean: Armada of the Damned,Propaganda Games
Pirates of the Caribbean: At World's End,Eurocom
PixelJunk 3 in 1 Pack,Q-Games
PixelJunk 4am,Q-Games
PixelJunk Eden,Q-Games
PixelJunk Monsters,Q-Games
PixelJunk Racers,Q-Games
PixelJunk Racers 2nd Lap,Q-Games
PixelJunk Shooter,Q-Games
PixelJunk Shooter 2,Q-Games
PixelJunk SideScroller,Q-Games
Piyotama,Japan Studio
Planet 51,Pyro Studios
Planet Minigolf,Zen Studios
Planets Under Attack,Targem Games
Plants vs Zombies,Popcap
Plants vs. Zombies: Garden Warfare,Popcap
PlayStation All-Stars Battle Royale,SuperBot Entertainment / Santa Monica Studio / Bluepoint Games
PlayStation Home,London Studio
PlayStation Move Heroes•Gachinko HeroesJP,Nihilistic Software
Poker Night 2,Telltale Games
Polar Panic,Eiconic Games
Pool Nation,Cherry Pop Games
Poncotsu Roman Daikatsugeki Bumpy Trot 2,Irem
Port Royale 3: Pirates & Merchants,Gaming Minds Studios
Portal 2,Valve
Possession,Blitz Games / Volatile Games
Postal III,Running with Scissors
Power Gig: Rise of the SixString,Seven45 Studios
Power Pro Stadium,Konami
PowerUp Forever,Blitz Arcade
Prey 2,Human Head Studios
Premier Manager,Urbanscan
Press Your Luck,Virtuos
Primal Carnage,Lukewarm Media
Prince of Persia,Ubisoft Montreal
Prince of Persia Classic,Gameloft
Prince of Persia: The Forgotten Sands,Ubisoft Montreal
Prince of Persia Trilogy,Ubisoft Montreal
Prison Break: The Conspiracy,ZootFly
PES 2008: Pro Evolution Soccer,Konami
PES 2009: Pro Evolution Soccer,Konami
PES 2010: Pro Evolution Soccer,Konami
PES 2011: Pro Evolution Soccer,Konami
PES 2012: Pro Evolution Soccer,Konami
PES 2013: Pro Evolution Soccer,Konami
PES 2014: Pro Evolution Soccer,Konami
PES 2015: Pro Evolution Soccer,Konami
PES 2016: Pro Evolution Soccer,Konami
PES 2017: Pro Evolution Soccer,Konami
PES 2018: Pro Evolution Soccer,Konami
Pro Foosball,Quirkat
Professional Baseball Spirits 4,Konami
Professional Baseball Spirits 5,Konami
Professional Baseball Spirits 6,Konami
Professional Baseball Spirits 2010,Konami
Professional Baseball Spirits 2011,Konami
Professional Baseball Spirits 2012,Konami
Professional Baseball Spirits 2013,Konami
Professional Baseball Spirits 2014,Konami
Professional Baseball Spirits 2015,Konami
Project CARS',Slightly Mad Studios
Proteus,Ed Key & David Kanaga
Prototype,Radical Entertainment
Prototype 2,Radical Entertainment
Psych Yourself,Creat Studios
Puddle,Neko Entertainment
Puppeteer,Japan Studio
Pure,Black Rock Studios
Pure Chess,VooFoo Studios
Pure Football,Ubisoft Vancouver
Puss in Boots,Blitz Games
Putty Squad,System 3
Puyo Puyo Tetris,SEGA
Puzzle Agent,Telltale Games
Puzzle Chronicles,Infinite Interactive
Puzzle Dimension,Doctor Entertainment
Puzzle Quest: Challenge of the Warlords – Revenge of the Plague Lord,Infinite Interactive
Puzzle Quest: Galactrix,Infinite Interactive
Puzzlegeddon,Pieces Interactive
Q*Bert,Sony Online Entertainment
Q*bert Rebooted,Loot Interactive
Q.U.B.E. Director's Cut,Toxic Games
Qlione Evolve,Rockin' Android
Quantum Conundrum,Airtight Games
Quantum Theory,Team Tachyon
QuickDraw,Greenfly Studios
Quiplash,Jackbox Games
Quizball Goal,Pixel Tales
R-Type Dimensions (R-Type & R-Type II),Tozai Games
R.B.I. Baseball 14,MLBAM
R.I.P.D. Rest in Peace Department the Game,Saber Interactive
R.U.S.E.,Eugen Systems
Ra.One: The Game,Trine Games
Race Driver: GRID,Codemasters
Race Driver: GRID 2,Codemasters
Race the Sun,Flippfly
Racquet Sports,Asobo Studio
Rag Doll Kung Fu: Fists of Plastic,Tarsier Studios
Rage,id Software
Ragnarok Odyssey ACE,Game Arts
Railfan: Chicago Transit Authority Brown Line,Ongakukan / Taito
Railfan: Taiwan High Speed Rail,Ongakukan / Actainment
Rain,Sony Computer Entertainment
Rain in Rio,Red Dingo Games
Rainbow Moon,SideQuest Studios
Rainbow Skies,SideQuest Studios
Rambo: The Video Game,Teyon
Rampage World Tour,Sony Online Entertainment
Rampart,Sony Online Entertainment
Rango,id Software
Rapala Fishing Frenzy 2009,FUN Labs
Rapala Pro Bass Fishing,Activision
Rat Race,Super-Ego Games
Ratatouille,Heavy Iron Studios
Ratchet & Clank Future: A Crack in Time,Insomniac Games
Ratchet & Clank: All 4 One,Insomniac Games
Ratchet & Clank: Full Frontal Assault•Ratchet and Clank: Q-ForceEU,Insomniac Games
Ratchet & Clank: Into the Nexus,Insomniac Games
Ratchet & Clank Future: Quest for Booty,Insomniac Games
Ratchet & Clank Future: Tools of Destruction,Insomniac Games
Ratchet & Clank Collection,Insomniac Games
Rayman Origins,Ubisoft Montpellier
Rayman Legends,Ubisoft Montpellier
RayStorm HD,Taito
Real Steel,Yuke's Co. Ltd.
Realms of Ancient War,Wizarbox
Recoil: Retrograd,ZeitGuyz
Record of Agarest War,Idea Factory
Record of Agarest War Zero,Idea Factory
Record of Agarest War 2,Idea Factory
Red Baron Arcade,Stainless Studios
Red Dead Redemption,Rockstar San Diego
Red Faction: Armageddon,Volition
Red Faction: Battlegrounds,THQ Digital Warrington
Red Faction: Guerrilla,Volition
Red Johnson's Chronicles,Lexis Numérique
Red Johnson's Chronicles – One Against All,Lexis Numérique
Remember Me,Dontnod Entertainment
Renegade Ops,Avalanche Studios
Resident Evil 4 HD,Capcom
Resident Evil 5,Capcom
Resident Evil 6,Capcom
Resident Evil 6 Anthology Edition,Capcom
Resident Evil Code: Veronica X HD,Capcom
Resident Evil: Operation Raccoon City,Slant Six Games / Capcom
Resident Evil: Revelations,Capcom
Resident Evil: Revelations 2,Capcom
Resident Evil: HD Remaster,Capcom
Resident Evil 0: HD Remaster,Capcom
Resident Evil: The Darkside Chronicles,Capcom
Resident Evil: The Umbrella Chronicles,Capcom
Resistance: Fall of Man,Insomniac Games
Resistance 2,Insomniac Games
Resistance 3,Insomniac Games
Resogun,Climax Studios
Resonance of Fate,tri-Ace
Retro City Rampage/Retro City Rampage: DX,Vblank Entertainment
Retro/Grade,24 Caret Games
Revenant Saga,Kemco
Revenge of the Wounded Dragons,Wanako Games
Rewrite,Key / Prototype
Ricochet HD,TikGames
Ride,Milestone srl
Ride to Hell: Retribution,Deep Silver
Ridge Racer 7,Namco Bandai
Ridge Racer Unbounded,Bugbear Entertainment
Rinne no Lagrange: Kamogawa Days Game & OVA Hybrid Disc,Namco Bandai
Rio [pt],THQ
Rise of the Argonauts,Liquid Entertainment
Risen 2: Dark Waters,Piranha Bytes
Risen 3: Titan Lords,Piranha Bytes
Risk,Zoë Mode
Risk: Factions,Stainless Games
Risk: Urban Assault,Zoë Mode
Robot Rescue Revolution,Teyon
Robotics;Notes,5pb. / Nitroplus
Rochard,Recoil Games
Rock Band,Harmonix Music Systems
Rock Band 2,Harmonix Music Systems
Rock Band 3,Harmonix Music Systems
Rock Band Blitz,Harmonix
Rock Band Classic Rock Track Pack,Harmonix Music Systems
Rock Band Country Track Pack,Harmonix Music Systems
Rock Band Country Track Pack 2,Harmonix Music Systems
Rock Band Metal Track Pack,Harmonix Music Systems
Rock Band Track Pack Volume 2,Harmonix Music Systems
Rock Band: Japan,Harmonix Music Systems / Q Entertainment
Rock of Ages,ACE Team
Rock of the Dead,Epicenter Studios
Rock Revolution,Zoë Mode
Rocket Knight,Climax Studios
Rocketbirds: Hardboiled Chicken,Ratloop
Rocketmen: Axis of Evil,A.C.R.O.N.Y.M. Games
Rocksmith,Ubisoft Montreal
Rocksmith 2014,Ubisoft San Francisco
Rogue Legacy,Cellar Door Games
Rogue Warrior,Zombie Studios / Rebellion Developments
Root Double: Before Crime * After Days Xtend edition,Yeti
Rotastic,Focus Home Interactive
Rozen Maiden: Wechseln Sie Welt ab,5pb.
Rugby League Live,Big Ant Studios
Rugby League Live 2,Big Ant Studios
Rugby League Live 3,Big Ant Studios
Rugby World Cup 2011,Big Ant Studios
Runner2: Future Legend of Rhythm Alien,Gaijin Games
Rui Ha Tomo Wo Yobu,5pb.
Rune Factory: Tides of Destiny,Neverland Co.
Rush'n Attack: Ex-Patriot,Vatra Games
Rust Buccaneers,Pixolane
Ryoufuu no Melt: Days in the Sanctuary,GN Software
Ryū ga Gotoku 1&2 HD edition,Sega
Ryū ga Gotoku 5,Sega
Ryū ga Gotoku Ishin!,Sega
Ryū ga Gotoku Kenzan!,Amusement Vision
Ryū ga Gotoku Kiwami,Sega
Ryū ga Gotoku Zero: Chikai no Basho,Sega
S.T.A.L.K.E.R. 2,GSC Game World
The Saboteur,Pandemic Studios
Sackboy's Prehistoric Moves,Media MoleculeSupermassive Games
Sacra Terra: Kiss of Death,Alawar
Sacred 2: Fallen Angel,Ascaron Entertainment
Sacred 3,Keen Games
Sacred Citadel,Southend Interactive
Saikyo Shogi Gekisashi 13,Mynavi
Saint Seiya: Brave Soldiers,Dimps Corporation
Saint Seiya: Sanctuary Battle,Dimps Corporation
Saint Seiya: Soldiers' Soul,Dimps Corporation
Saints Row 2,Volition
Saints Row: The Third,Volition
Saints Row IV,Volition
Saints Row Double Pack,Volition
Sakatsuku: Pro Soccer Club o Tsukurou!,Sega
Sakigake!! Otoko Juku: Nihonyo Korega Otoko Dearu,Bandai Namco Games
Sam & Max Beyond Time and Space,Telltale Games
Sam & Max: The Devil's Playhouse,Telltale Games
San Goku Shi 12,Koei
San Goku Shi 13,Koei
Sanctum 2,Coffee Stain Studios
Sangokushi 12 Taisenban,Koei Tecmo
Savage Moon,FluffyLogic
Saw,Zombie Studios
Saw II,Zombie Studios
SBK-08: Superbike World Championship,Milestone
SBK-09: Superbike World Championship,Milestone
SBK 2011: Superbike World Championship,Milestone
SBK Generations,Milestone
SBK X: Superbike World Championship,Milestone
Scarygirl,TikGames
Scene It? Bright Lights! Big Screen!,Artificial Mind and Movement
Scene It? Movie Night,Sarbakan
Schlag den Raab: Das 2. Spiel,Sproing
Schlag den Raab: Das 3. Spiel,Sproing
SCORE International Baja 1000,Left Field Productions
Scott Pilgrim vs. the World: The Game,Ubisoft Montreal
Scourge: Outbreak,Tragnarion Studios
Scratch: The Ultimate DJ,7 Studios / Commotion Interactive / Bedlam Games
Sega Golf Club,Sega
Sega Bass Fishing,Sega
Sega Rally Online Arcade,Sega
Sega Rally Revo,Sega Racing Studio
Sega Superstars Tennis,Sumo Digital
Sekai Saikyou Ginsei Igo: Hybrid Monte Carlo,SilverStar
Sekai Saikyou Ginsei Shogi: Fuuum Ryouko Raiden,SilverStar
Sengoku Basara HD Collection,Capcom
Sengoku Basara: Samurai Heroes,Capcom
Sengoku Basara 3,Capcom
Sengoku Basara 4,Capcom
Sengoku BASARA Sanada Yukimura-den,Capcom
Sengoku Hime: Senkou no Taika – Akatsuki no Haryuu,Ge-Sen18
Sengoku Hime 3: Tenka o Kirisaku Hikari to Kage,Ge-Sen18
Sengoku Musou 3 Empires,Capcom
Serious Sam 3: BFE,Croteam
Severity,Escalation Studios
ShadowClan,Tiger Hill Entertainment
Shadows of the Damned,Grasshopper Manufacture
Shakedown: Hawaii,Vblank Entertainment
Shake Spears!,Alawar
Shank,Klei Entertainment
Shank 2,Klei Entertainment
Shaq Fu: A Legend Reborn,"Saber Interactive, Big Deez Productions"
"Sharin no Kuni, Himawari no Shoujo",Akabeisoft2
Shatter[113],Sidhe Interactive
Shaun White Skateboarding,Ubisoft Montreal
Shaun White Snowboarding,Ubisoft Montreal
Shellshock 2: Blood Trails,Rebellion Developments
Sherlock Holmes: Crimes & Punishments,Frogwares
Shift 2: Unleashed,Slightly Mad Studios
Shiki-Tei,Japan Studio
Shin Hayarigami,Nippon Ichi
Shin Hayarigami 2,Nippon Ichi
Shinken de Watashi ni Koi Shinasai! R,Minato Station
Shining Resonance,Sega
Shin Kamaitachi no Yoru: 11 Hitome no Suspect,ChunSoft
Shin Toudai Shogi,Unknown
Shoot Many Robots,Demiurge Studios
Short Peace: Ranko Tsukigime's Longest Day,Grasshopper Manufacture
Shovel Knight,Yacht Club Games
Shrek Forever After,XPEC
Shutsugeki!! Otometachi no Senjou 2: Yuukoku o Kakeru Koujo no Tsubasa,SystemSoft Alpha
Sideway: New York,Playbrains
Silent Hill: Downpour,Vatra Games
Silent Hill HD Collection,Hijinx Studios
Silent Hill Homecoming,Double Helix Games / Konami Digital Entertainment
The Simpsons Game,EA Redwood Shores
The Sims 3,Maxis / Edge of Reality
The Sims 3: Pets,Maxis
Sine Mora,Grasshopper Manufacture
SingStar,London Studio
SingStar ABBA,London Studio
SingStar Afrikaanse Treffers,Sony London Studios
SingStar Apres-Ski Party 2,London Studio
SingStar Back to the 80s,London Studio
SingStar Chartbreaker,London Studio
SingStar Chart Hits,London Studio
SingStar Dance,London Studio
SingStar Danish Hits,London Studio
SingStar Finnish Hits,London Studio
SingStar Frozen,London Studio
SingStar Fussballhits,London Studio
SingStar Grandes Éxitos,London Studio
SingStar Guitar,London Studio
SingStar Latino,London Studio
Singstar Made in Germany,London Studio
SingStar Mallorca Party,London Studio
SingStar Mecano,London Studio
SingStar: Morangos com Acucar,London Studio
SingStar Motown,London Studio
SingStar Patito Feo,London Studio
SingStar: Polskie Hity,London Studio
SingStar Pop Edition,London Studio
SingStar Portugal Hits,London Studio
SingStar Queen,London Studio
SingStar Studio 100,London Studio
SingStar SuomiHuiput,London Studio
SingStar Take That,London Studio
SingStar Ultimate Party,London Studio
SingStar Vol. 2,London Studio
SingStar Vol. 3: Party Edition,London Studio
SingStar Vasco,London Studio
SingStar: The Wiggles,London Studio
Singularity,Raven Software
Siralim,Thylacine Studios
Siren: Blood Curse,Japan Studio
Six Days in Fallujah,Atomic Games
Skate,EA Black Box
Skate 2,EA Black Box
Skate 3,EA Black Box
Ski-Doo: Snowmobile Challenge,ColdWood Interactive
Skullgirls/Skullgirls Encore,Lab Zero Games
Skydive: Proximity Flight,Gaijin Entertainment
Sky Diving or Go! Sports Skydiving,Bergsala Lightweight
Sky Fighter,Creat Studios
Sky Force Anniversary,Infinite Dreams Inc.
Skydive: Proximity Flight,Gaijin Entertainment
SkyDrift,Digital Reality
Skylanders: Spyro's Adventure,Toys for Bob
Skylanders: Giants,Toys for Bob
Skylanders: Imaginators,Vicarious Visions
Skylanders: Swap Force,Vicarious Visions
Skylanders: SuperChargers,Vicarious Visions
Skylanders: Trap Team,Vicarious Visions
Slam Bolt Scrappers,Fire Hose Games
Sleeping Dogs,United Front Games
Slender: The Arrival,Blue Isle Studios
Slotter Chou Mania: Antonio Inoki ga Genki ni Suru Pachi-Slot Ki,Dorart
The Sly Collection,Sucker Punch Productions / Sanzaru Games
Sly Cooper: Thieves in Time,Sanzaru Games / Sony Computer Entertainment
Smash Cars,Creat Studios
The Smurfs 2,Ubisoft
Snakeball,Gamoola Soft
Snark Busters: High Society,Big Fish Games
Sniper Elite V2,Rebellion
Sniper Elite III,Rebellion
Sniper: Ghost Warrior,City Interactive
Sniper: Ghost Warrior 2,City Interactive
Snipers,Hydravision Entertainment
Snowy: Treasure Hunter,Alawar
SOCOM 4: U.S. Navy SEALs,Zipper Interactive
SOCOM: U.S. Navy SEALs Confrontation,Slant Six Games
Soldier of Fortune: Payback,Cauldron HQ
Sonic Adventure,Sonic Team
Sonic Adventure 2,Sonic Team
Sonic Generations,Sonic Team
Sonic & Sega All-Stars Racing,Sumo Digital
Sonic & All-Stars Racing Transformed,Sumo Digital
Sonic the Hedgehog,Sonic Team
Sonic the Hedgehog 2,Sonic Team
Sonic the Hedgehog 4: Episode I,Sega
Sonic the Hedgehog 4: Episode II,Sega
Sonic CD,Sega
Sonic the Fighters,Sega
Sonic's Ultimate Genesis Collection,Backbone Entertainment
Sonic Unleashed,Sonic Team
Sorcery•Lord of SorceryJP,The Workshop
Soulcalibur: Lost Swords,Namco
Soulcalibur II HD Online,Namco
Soulcalibur IV,Project Soul
Soulcalibur V,Project Soul
Soulcalibur: Lost Swords,Project Soul
South Park: The Stick of Truth,Obsidian Entertainment / South Park Digital Studios
Space Ace,Digital Leisure
Space Channel 5: Part 2,Sega
Space Hulk,Full Control
Space Invaders Infinity Gene,Taito
Spare Parts,EA Bright Light
Sparkle 2,10tons
Sparkle Unleashed,10tons
Spartacus Legends,Kung Fu Factory
Spec Ops: The Line,Yager Development
Spelunker Black,Irem
"Spelunker Collection (Spelunker Classic, Spelunker Console, Spelunker Arcade, Spelunker II)",Tozai Games
Spelunker HD,Irem
Spelunky,Mossmouth
Spider-Man 3,Treyarch
Spider-Man: Edge of Time,Beenox
Spider-Man: Shattered Dimensions,Beenox
Spider-Man: Web of Shadows,Treyarch / Shaba Games
Splatterhouse,BottleRocket Entertainment / Namco Bandai Games
Splice,Cipher Prime
"Split/Second: Velocity
•Split/SecondNA",Black Rock Studio
SpongeBob SquarePants: Plankton's Robotic Revenge,Behaviour Interactive
Sports Champions,Zindagi Games
Sports Champions 2,Zindagi Games
Sportsfriends,Die Gute Fabrik
SSX,Electronic Arts
Stacking,Double Fine Productions
Star Ocean: The Last Hope International,tri-Ace
Star Ocean: Integrity and Faithlessness,tri-Ace
Star Ocean: The Second Story,tri-Ace
Star Raiders,Incinerator Studios
Star Trek,Digital Extremes
Star Trek DAC,Naked Sky Entertainment
Star Wars: The Clone Wars – Republic Heroes,Krome Studios
Star Wars: The Force Unleashed,LucasArts
Star Wars: The Force Unleashed II,LucasArts
Star Wars Pinball,Zen Studios
StarDrone,Beatshapers
Starhawk,LightBox Interactive
Starlight Inception,Escape Hatch Entertainment
Start the Party,Supermassive Games
Start the Party! Save the World,Supermassive Games
Starwhal,Breakfall
Stealth Inc: A Clone in the Dark,Curve Studios
Stealth Inc 2: A Game of Clones,Curve Studios
Steambot Chronicles 2,Irem
Steins;Gate,"5pb., Nitroplus"
Steins;Gate: Darling of Loving Vows,5pb.
Steins;Gate: Linear Bounded Phenogram,5pb.
Steins;Gate 0,5pb.
Steredenn,Pixelnest Studio
Stick It to the Man!,Zoink!
Storm,IndiePub
Stormrise,The Creative Assembly
Street Fighter III: 3rd Strike Online Edition,Capcom
Street Fighter IV,Capcom / Dimps
Street Fighter X Tekken,Capcom / Namco
Street Rod,UIG
Streets of Rage 2,Sega
Strength of the Sword 3,Ivent Games
Strider (2014 video game),Capcom
Strong Bad's Cool Game for Attractive People,Telltale Games
Stuntman: Ignition,Paradigm Entertainment
Suigetsu Ni,GN Software
Summer Stars 2012,Maximum Games
Summer Challenge: Athletics Tournament,PQube
Guillermo Del Toro's Sundown,Terminal Reality
SuperCar Challenge,Eutechnyx
Super Hang-On,Sega
Super Hero Generation,Bandai Namco
Super Heroine Chronicle,Bandai Namco Games
Super Mega Baseball,Metalhead Software
Super Motherload,XGen Studios
Super Puzzle Fighter II Turbo HD Remix,Backbone Entertainment
Super Robot Taisen OG Infinite Battle,Bandai Namco
Super Robot Wars OG: The Moon Dwellers,Bandai Namco
Super Robot Taisen OG Saga: Masou Kishin F Coffin of The End,Bandai Namco
Super Robot Taisen OG Saga: Masou Kishin III – Pride of Justice,Bandai Namco
Super Robot Taisen Original Generations,Bandai Namco
Super Rub 'a' Dub[240],Sumo Digital
Superstars V8 Racing,Milestone
Super Stardust HD,Housemarque
Super Street Fighter II Turbo HD Remix,Backbone Entertainment
Super Street Fighter IV,Capcom / Dimps
Super Street Fighter IV: Arcade Edition,Capcom / Dimps
Superfrog HD,Team17
Supersonic Acrobatic Rocket-Powered Battle-Cars,Psyonix
Supremacy MMA,Kung Fu Factory
Surf's Up,Ubisoft Montreal
Suzumiya Haruhi no Tsuisou,Bandai Namco Games
Swarm,Hothead Games
Switchball,Atomic Elbow
Swords & Soldiers,Ronimo Games
Sword Art Online: Lost Song,ArtDink
Syberia,Microïds
Syndicate,Starbreeze Studios
Söldner-X: Himmelsstürmer,SideQuest Studios
Söldner-X 2: Final Prototype,SideQuest Studios
Tabletop Cricket,Big Ant Studios
"Tacchi, Shiyo! Love Application",Compile
"Taiheiyou no Arashi: Senkan Yamato, Akatsuki ni Shutsugekisu",System Soft
Tales from Space: About a Blob,DrinkBox Studios
Tales from Space: Mutant Blobs Attack,DrinkBox Studios
Tales from the Borderlands,Telltale Games
Tales of Berseria,Namco Tales Studio
Tales of Graces ƒ,Namco Tales Studio
Tales of Monkey Island,Telltale Games
Tales of Symphonia Unisonant Pack,Namco Bandai Games
Tales of Vesperia,Namco Tales Studio
Tales of Xillia,Namco Tales Studio
Tales of Xillia 2,Namco Bandai Games
Tales of Zestiria,Namco Bandai Games
Tears to Tiara: Earth's Wreath,Aquaplus / Leaf
Tears to Tiara Side Story: Mystery of Avalon,Aquaplus
Tears to Tiara II: Heir of the Overlord,Aquaplus
Tecmo Bowl Throwback,Tecmo
Teenage Mutant Ninja Turtles: Danger of the Ooze,WayForward Technologies
Teenage Mutant Ninja Turtles: Mutants in Manhattan,PlatinumGames
Teenage Mutant Ninja Turtles: Out of the Shadows,Red Fly Studio
Teenage Mutant Ninja Turtles: Turtles in Time Re-Shelled,Ubisoft Singapore
Tekken 5: Dark Resurrection[268],Namco
Tekken 6,Namco Bandai
Tekken Hybrid,Namco
Tekken Revolution,Namco Bandai Games
Tekken Tag Tournament 2,Namco
Tenchou no Igo,NCS
Tennis in the Face,10tons
Terminator Salvation,GRIN / Halcyon Games
Terraria,Re-Logic
TerRover,Creat Studios
Teslagrad,Slightly Mad Studios
Test Drive Ferrari Legends,Slightly Mad Studios
Test Drive Unlimited 2,Eden Games
TestYourself: Psychology,Creat Studios
Tetris HD,EA Mobile
Texas Cheat 'em,Wideload Games
The Baconing,Hothead Games
The Bigs,Blue Castle Games
The Bigs 2,Blue Castle Games
The Bit.Trip,Choice Provisions
The Bluecoats: North vs South,Anuman
The Bourne Conspiracy,High Moon Studios
The Bridge,The Quantum Astrophysicists Guild
The Bureau: XCOM Declassified,2k Marin
The Cave,Double Fine Productions
The Chronicles of Narnia: Prince Caspian,Traveller's Tales
The Chronicles of Riddick: Assault on Dark Athena,Starbreeze Studios / Tigon Studios
The Club,Bizarre Creations
The Cursed Crusade,Kylotonn Entertainment
The Darkness,Starbreeze Studios
The Darkness II,Digital Extremes
The Evil Within,Tango Gameworks
The Expendables 2 Video Game,Ubisoft
The Fancy Pants Adventures,Borne Games
The Hole Story,Girls Make Games
The Idolmaster 2,Namco
The Idolmaster One For All,Bandai Namco Games
"The Jackbox Party Pack (Drawful, Fibbage XL, Lie Swatter, Word Spud, You Don't Know Jack 2015)",Jackbox Games
"The Jackbox Party Pack 2 (Bidiots, Bomb Corp., Earwax, Fibbage 2, Quiplash XL)",Jackbox Games
The Last Bounty Hunter,Digital Leisure
The Last Guy,Sony Computer Entertainment Japan
The Legend of Korra,PlatinumGames
The Mahjong: Tsuushin Taikyoku Kinoudzuke,D3 Publisher
The Misshitsu Kara no Dasshutsu,D3 Publisher
The Misshitsu Kara no Dasshutsu ~Tsukiyo no Manshon Hen~,D3 Publisher
The Price Is Right,Virtuos
The Price Is Right: Decades,Ludia
The Punisher: No Mercy,Zen Studios
The Raven: Legacy of a Master Thief,King Art Games
The Revenge of Shinobi,Sega
The Shoot,Cohort Studios
The Simpsons Arcade Game,Konami
The Testament of Sherlock Holmes,Frogwares
The Swapper,Facepalm Games
The Swindle,Size Five Games
The Treasures of Montezuma 4,Smartphone Labs
The UnderGarden,Artech Studios
They,Metropolis Software
Thexder Neo,Square Enix
Thief,Eidos Montréal
This is Vegas,Surreal Software
Thomas Was Alone,Mike Bithell
Thor: God of Thunder,Liquid Entertainment
Thunder Wolves,Most Wanted Entertainment
Tiger Woods PGA Tour 07,EA Redwood Shores
Tiger Woods PGA Tour 08,EA Tiburon
Tiger Woods PGA Tour 09,EA Tiburon
Tiger Woods PGA Tour 10,EA Tiburon
Tiger Woods PGA Tour 11,EA Tiburon
Tiger Woods PGA Tour 12: The Masters,EA Tiburon
Tiger Woods PGA Tour 13: The Masters,EA Tiburon
Tiger Woods PGA Tour 14: The Masters Historic Edition,EA Tiburon
Time and Eternity,Image Epoch
Time Crisis 4,Nex Entertainment
Time Crisis: Razing Storm,Nex Entertainment
Time Leap,Front Wing
Time Machine: Rogue Pilot,Lesta Studio
TimeShift,Saber Interactive
TimeSplitters 4,Crytek UK
TimeO,ZootFly
Tiny Brains,Spearhead Games
Tiny Token Empires,BiP Media
Tiny Troopers: Joint Ops,Wired Productions
Titan Attacks!,Puppy Games
TNA Impact!,Midway Studios – Los Angeles
TNT Racers,Keen Games
To End All Wars,Kuju Entertainment
ToeJam & Earl,Johnson Voorsanger Productions
ToeJam & Earl in Panic on Funkotron,Johnson Voorsanger Productions
Toki Tori,Two Tribes
Tokyo Jungle,PlayStation C.A.M.P. / Crispy's
Tokyo Twilight Ghost Hunters,"Arc System Works, Aksys Games, NIS America"
To Heart 2 Another Days,Leaf
To Heart 2 DX Plus,Silicon Studio
Tom Clancy's EndWar,Ubisoft Shanghai
Tom Clancy's Ghost Recon Advanced Warfighter 2,Red Storm Entertainment
Tom Clancy's Ghost Recon: Future Soldier,Ubisoft Paris
Tom Clancy's H.A.W.X,Ubisoft Bucharest
Tom Clancy's H.A.W.X 2,Ubisoft Bucharest
Tom Clancy's Rainbow 6: Patriots,Ubisoft
Tom Clancy's Rainbow Six: Vegas,Ubisoft Montreal
Tom Clancy's Rainbow Six: Vegas 2,Ubisoft Montreal
Tom Clancy's Splinter Cell: Blacklist,Ubisoft
Tom Clancy's Splinter Cell Classic Trilogy HD,Ubisoft Montreal
Tom Clancy's Splinter Cell: Double Agent,Ubisoft Shanghai
Tomb Raider,Crystal Dynamics
The Tomb Raider Trilogy,Crystal Dynamics
Tomb Raider: Underworld,Crystal Dynamics
Tomoyo After: It's a Wonderful Life,Prototype
Tony Hawk's Project 8,Neversoft
Tony Hawk's Pro Skater 5,Robomodo
Tony Hawk's Pro Skater HD,Robomodo
Tony Hawk's Proving Ground,Neversoft
Tony Hawk: Ride,Robomodo
Tony Hawk: Shred,Robomodo
Top Darts,Devil's Details
Top Gun,Doublesix
Top Gun: Hard Lock,Headstrong Games
Top Spin 3,PAM Development
Top Spin 4,2K Czech
Topatoi,Boolat Games
Tori-Emaki,"London Studio, Playlogic Entertainment"
Tornado Outbreak,Loose Cannon Studios
Toro to Morimori,SCEI
Toukiden 2,Koei Tecmo Games
Toy Home,Game Republic
Toy Story 3: The Video Game,Avalanche Software
Toy Story Mania,Disney Interactive Studios
Toybox Turbos,Codemasters
Transformers: Dark of the Moon,High Moon Studios
Transformers: Devastation,PlatinumGames
Transformers: Fall of Cybertron,High Moon Studios
Transformers: The Game,Traveller's Tales
Transformers: Revenge of the Fallen,Luxoflux
Transformers: Rise of the Dark Spark,Edge of Reality
Transformers: War for Cybertron,High Moon Studios
Trash Panic,Japan Studio
Treasures of Montezuma: Arena,Alawar
The Trials of Topoq,London Studio
Trine,Frozenbyte
Trine 2,Frozenbyte
Trinity Universe,Nippon Ichi Software / Gust Corporation
Trinity: Souls of Zill O'll,Koei
Trivial Pursuit,EA Bright Light
Tron: Evolution,Propaganda Games
Truck Racer,Kylotonn
Tsumiki BLOQ,Sony Computer Entertainment
Tumble,Supermassive Games
Turbo: Super Stunt Squad,WayForward Technologies
Turning Point: Fall of Liberty,Spark Unlimited
Turok,Propaganda Games
TV Show King,Gameloft
TV Superstars,SCE Studio Cambridge
TV Anime Idolm@ster Cinderella G4U!,Bandai Namco
Twisted Lands: Shadow Town,Alawar
Twisted Metal,Eat Sleep Play
Two Worlds II,Reality Pump Studios
uDraw GameTablet with uDraw Studio,THQ
uDraw Marvel Super Hero Squad: Comic Combat,THQ
uDraw Studio: Instant Artist,THQ
UEFA Euro 2008,EA Canada
UFC 2009 Undisputed,Yuke's
UFC Undisputed 2010,Yuke's
UFC Personal Trainer: The Ultimate Fitness System,Heavy Iron Studios
UFC Undisputed 3,Yuke's
Ugly Americans: Apocalypsegeddon,Backbone Entertainment
Ukiyo no Shishi,Spike Chunsoft
Ultimate Marvel vs. Capcom 3,Capcom
Ultra Street Fighter IV,Capcom / Dimps
Ultratron,Puppy Games
Umineko no Naku Koro ni: Majo to Suiri no Rinbukyoku,Alchemist
Umineko no Naku Koro ni San: Shinjitsu to Gensou no Yasoukyoku,Alchemist
Uncharted: Drake's Fortune,Naughty Dog
Uncharted 2: Among Thieves,Naughty Dog
Uncharted 3: Drake's Deception,Naughty Dog
Uncharted Waters Online,Koei
Under Defeat HD: Deluxe Edition,Rising Star Games
Under Night In-Birth Exe:Late,"Ecole Software, French Bread"
Under Siege,Seed Studios
Unearthed: Trail of Ibn Battuta,Semaphore
Unfinished Swan|The Unfinished Swan,Giant Sparrow
Unmechanical: Extended Edition,Talawa Games
Uno,Gameloft
Unreal Tournament 3,Epic Games
Until Dawn,Supermassive Games
Untold Legends: Dark Kingdom,Sony Online Entertainment
Up,Heavy Iron Studios
Urban Mysteries,ZeitGuyz
Urban Trial Freestyle,Tate Multimedia
Utawarerumono: Futari no Hakuoro,Aqua Plus
Utawarerumono: Itsuwari no Kamen,Aqua Plus
Valiant Hearts: The Great War,Ubisoft Montpellier
Valkyria Chronicles,Sega WOW
Vampire Rain: Altered Species,Artoon
Vampire Resurrection,Galaxy Studios
Vancouver 2010,Eurocom
Vandal Hearts: Flames of Judgment,Hijinx Studios
Vanquish,PlatinumGames
Velocity Ultra,FuturLab
Venetica,Deck13 Interactive
Vessel,Strange Loop Games
Viking: Battle for Asgard,The Creative Assembly
Virtua Fighter 2,Sega
Virtua Fighter 5,Sega-AM2
Virtua Fighter 5 Final Showdown,Sega
Virtua Striker,Sega
Virtua Tennis 3,Sega-AM3
Virtua Tennis 4,Sega-AM3
Virtua Tennis 2009,Sumo Digital
Virtual On: Cyber Troopers,Sega
Vividred Operation: Hyper Intimate Power,Bandai Namco Entertainment
Vividred Operation: Mayonnaise Operation With Akane!,Bandai Namco Entertainment
Voltage,IBA
Voltron: Defender of the Universe,Behaviour Interactive
Voodoo Chronicles: The First Sign,Space Monkey Games Factory International
Voodoo Dice,Exkee
Wakeboarding HD,Creat Studios
WALL-E,Heavy Iron Studios
The Walking Dead,Telltale Games
The Walking Dead: Season Two,Telltale Games
The Walking Dead: Survival Instinct,Activision
The Wall,World Forge / Burut CT
Wangan Midnight,Genki
Wanted: Weapons of Fate,GRIN
Wanted Corp,Eko Systems
"Warhammer 40,000: Kill Team",THQ
"Warhammer 40,000: Space Marine",Relic Entertainment
Warhawk,Incognito Entertainment / Santa Monica Studio
Warlords,Griptonite Games / Atari
Warp,trapdoor
Warrior's Lair,"Idol Minds, San Diego Studio"
Warriors: Legends of Troy,Koei Canada
Warriors Orochi Z,Omega Force
Warriors Orochi 3,Omega Force
Watch Dogs,Ubisoft Montreal
Watchmen: The End Is Nigh,Deadline Games
Way of the Samurai 3,Acquire
Way of the Samurai 4,Acquire
We Dare,Ubisoft
Weekly Toro Station,Japan Studio
Weird Park: The Final Show,Alawar
WET,Artificial Mind and Movement
Wheel of Fortune,Sony Online Entertainment
Wheels of Destruction: World Tour,"Gelid Games, Inc."
Wheelman,Midway Studios – Newcastle / Tigon Studios
Where the Wild Things Are,Griptonite Games
White Album,Aquaplus
White Knight Chronicles,Level-5 / Japan Studio
White Knight Chronicles II,Level-5 / Japan Studio
Whitetail Challenge,PSR Outdoors
Who Wants to Be a Millionaire?,Ludia
Who Wants to Be a Millionaire? Special Editions,Doublesix
Wild Season,Quickfire Games
Winter Sports 2010: The Great Tournament,RTL Entertainment
Winter Stars,49Games
Winning Post 7 Maximum 2007,Koei
Winning Post 7 Maximum 2008,Koei
Winning Post 7 Maximum 2010,Koei
Winning Post 7 Maximum 2012,Koei
Winning Post 7 Maximum 2013,Koei
Winning Post World,Koei
Winning Post World 2010,Koei
Winning Post World 8,Koei
Wipeout 2,Behaviour Santiago
Wipeout HD,Studio Liverpool
The Witch and the Hundred Knight,Nippon Ichi Software
The Witcher: Rise of the White Wolf,CD Projekt Red
The Witness,"Thekla, Inc."
Wizardry Perfect Pack,Acquire
Wizardry: Labyrinth of Lost Souls,Acquire
Wizardry: Prisoners of the Lost City,Acquire
Wizardry: Torawareshi Bourei no Machi,Acquire
The Wolf Among Us,Telltale Games
Wolf of the Battlefield: Commando 3,Backbone Entertainment
Wolfenstein,Raven Software / id Software
Wolfenstein 3D,Id Software
Wolfenstein: The New Order,MachineGames
Wonder Boy in Monster Land,Sega
Wonder Boy in Monster World,Sega
Wonderbook: Book of Spells,London Studio / Supermassive Games
Wonderbook: Diggs Nightcrawler,London Studio / Supermassive Games
Wonderbook: Walking With Dinosaurs,London Studio / Supermassive Games
World Gone Sour,Playbrains
World Hunter,PSR Outdoors
World in Conflict: Soviet Assault,Massive Entertainment
World of Outlaws: Sprint Cars,Big Ant Studios
World Series of Poker 2008: Battle for the Bracelets,Left Field Productions
World Snooker Championship 2007,Blade Interactive
Worms Collection,Team17
WRC: FIA World Rally Championship,Milestone srl
WRC 2: FIA World Rally Championship,Milestone srl
WRC 3: FIA World Rally Championship,Milestone srl
WRC 4: FIA World Rally Championship,Milestone srl
WRC Powerslide,Milestone srl
Worms Crazy Golf,Team17
Worms Revolution,Team17
WRC Powerslide,Milestone srl
Wrecked: Revenge Revisited,Supersonic Software
WSC Real 08: World Snooker Championship,Blade Interactive
WSC Real 09: World Snooker Championship,Blade Interactive
WWE '12,THQ
WWE '13,THQ
WWE 2K14,Visual Concepts/Yuke's
WWE 2K15,Visual Concepts/Yuke's
WWE 2K16,Visual Concepts/Yuke's
WWE 2K17,Visual Concepts/Yuke's
WWE All Stars,THQ San Diego
WWE Legends of WrestleMania,Yuke's
WWE Smackdown vs Raw 2007,Yuke's
WWE SmackDown vs. Raw 2008,Yuke's
WWE SmackDown vs. Raw 2009,Yuke's
WWE SmackDown vs. Raw 2010,Yuke's
WWE SmackDown vs. Raw 2011,Yuke's
X-Blades,Gaijin Entertainment
X-Factor,Koch Media
X-Men,Konami
X-Men Origins: Wolverine,Raven Software
X-Men: Destiny,Activision
XBLAZE Code: Embryo,Arc System Works
XBlaze Lost: Memories,Arc System Works
XCOM: Enemy Unknown,Firaxis Games
XCOM: Enemy Within,Firaxis Games
Yaiba: Ninja Gaiden Z,Team Ninja
Yakuza 3,Team CS1
Yakuza 4,CS1 Team
Yakuza: Dead Souls,Sega
Yamasa Digiworld SP Pachislo Sengoku Musou,Yamasa Entertainment
Yamasa Digiworld SP Pachislo Bounty Killer,Yamasa Entertainment
Yoostar 2: In the Movies,Yoostar Entertainment
Yorunonaikuni,Gust
You Don't Know Jack,Jellyvision Games
Young Justice: Legacy,Freedom Factory
Yu-Gi-Oh! 5D's: Decade Duels Plus,Other Ocean Interactive
Yu-Gi-Oh! Millennium Duels,Other Ocean Interactive
Yummy Circus,Puzzl.com
Zack Zero,Crocodile Entertainment
Zen Pinball,Zen Studios
Zen Pinball 2,Zen Studios
Zeno Clash II,ACE Team
Zombeer,Moonbite Games
Zombie Apocalypse,Nihilistic
Zombie Apocalypse: Never Die Alone,Backbone Entertainment
Zombie Driver HD,Exor Studios
Zombie Tycoon II: Brainhov's Revenge,Frima Studio
Zone of the Enders: HD Collection,Kojima Productions
Zuma,PopCap Games
Zuma's Revenge!,PopCap Games
Zumba Fitness – Join the Party,505 Games
Z/X – Crusade of the Absolute Boundary,Nippon Ichi Software
